location_id,building_type,predicted_annual_sales,distance_to_store,indoor,mean_temperature,mean_humidity,weekend_share,club_activity_share,predicted_rank
candidate_0457,office,18253.183788008035,476,1,23.705753424657537,74.24,0.2849315068493151,0.11780821917808226,1
candidate_0921,office,18215.77986817023,493,1,23.263287671232874,76.2668493150685,0.2849315068493151,0.12328767123287666,2
candidate_0538,office,18198.06863560033,493,1,23.205753424657534,74.1772602739726,0.2849315068493151,0.1315068493150685,3
candidate_0204,office,18170.895161630062,472,1,23.674520547945207,74.49534246575342,0.2849315068493151,0.09589041095890416,4
candidate_0035,office,18170.233770613326,497,1,23.34191780821918,76.35808219178082,0.2849315068493151,0.09589041095890416,5
candidate_0772,office,18166.87651560387,498,1,23.57890410958904,73.54986301369863,0.2849315068493151,0.08219178082191787,6
candidate_0206,office,18161.155039695863,476,1,23.5972602739726,75.23726027397261,0.2849315068493151,0.09315068493150686,7
candidate_0242,office,18159.14327649383,473,1,23.627397260273973,76.40547945205479,0.2849315068493151,0.08767123287671233,8
candidate_0950,office,18118.795695804354,494,1,23.482739726027397,74.16410958904109,0.2849315068493151,0.07671232876712329,9
candidate_0912,office,18105.409806650612,494,1,23.18219178082192,75.53232876712329,0.2849315068493151,0.09589041095890416,10
candidate_0657,office,18092.975695920082,471,1,23.20191780821918,75.54219178082192,0.2849315068493151,0.11232876712328767,11
candidate_0802,office,18079.25900531528,460,1,23.52931506849315,73.93616438356165,0.2849315068493151,0.09315068493150683,12
candidate_0782,office,18059.04689642186,472,1,23.474520547945207,74.03561643835617,0.2849315068493151,0.07945205479452049,13
candidate_0137,office,18057.838348457044,412,1,23.69013698630137,75.16739726027397,0.2849315068493151,0.11232876712328765,14
candidate_0463,office,18035.468805571087,492,1,23.055616438356164,75.92383561643835,0.2849315068493151,0.08493150684931507,15
candidate_0365,office,18031.939037841777,488,1,23.255342465753422,75.18027397260273,0.2849315068493151,0.0712328767123288,16
candidate_0737,office,18028.12118029989,435,1,23.311232876712328,73.55287671232877,0.2849315068493151,0.12328767123287666,17
candidate_0677,gym,18027.712745547997,487,1,23.666027397260276,74.96328767123288,0.2849315068493151,0.11780821917808225,18
candidate_0785,office,18021.867503260295,400,1,23.50575342465753,74.78931506849315,0.2849315068493151,0.1315068493150685,19
candidate_0812,office,18014.272410971615,463,1,23.072602739726026,74.71397260273973,0.2849315068493151,0.10958904109589032,20
candidate_0264,office,18002.423207431355,432,1,23.565753424657533,74.1082191780822,0.2849315068493151,0.09041095890410956,21
candidate_0790,office,17997.660562795958,422,1,23.53890410958904,74.07945205479452,0.2849315068493151,0.10136986301369855,22
candidate_0142,office,17986.50273701641,418,1,23.597808219178084,74.0517808219178,0.2849315068493151,0.09589041095890416,23
candidate_0136,office,17982.37420260814,452,1,23.135068493150687,74.56849315068493,0.2849315068493151,0.10410958904109588,24
candidate_0679,gym,17975.787947426685,498,1,23.573698630136988,75.5813698630137,0.2849315068493151,0.09589041095890416,25
candidate_0796,office,17971.799823478494,478,1,23.073150684931505,76.27972602739726,0.2849315068493151,0.073972602739726,26
candidate_0960,office,17969.3353298363,409,1,23.647945205479452,74.93260273972602,0.2849315068493151,0.09041095890410956,27
candidate_0730,office,17964.6941283088,479,1,23.042191780821916,73.52712328767123,0.2849315068493151,0.08493150684931507,28
candidate_0443,office,17945.265636638655,385,1,23.72027397260274,73.64219178082192,0.2849315068493151,0.10410958904109593,29
candidate_0756,office,17941.748054616433,450,1,23.146849315068494,74.08876712328767,0.2849315068493151,0.0931506849315069,30
candidate_0308,office,17937.727435612804,440,1,23.084657534246574,75.62547945205479,0.2849315068493151,0.10136986301369855,31
candidate_0440,gym,17917.2934436724,489,1,23.408493150684933,75.50821917808219,0.2849315068493151,0.10136986301369863,32
candidate_0380,gym,17909.64665433245,494,1,23.466027397260273,74.98301369863013,0.2849315068493151,0.09041095890410956,33
candidate_0770,office,17906.34777538013,410,1,23.361643835616437,74.30739726027397,0.2849315068493151,0.09863013698630134,34
candidate_0795,office,17899.61159091547,401,1,23.69945205479452,73.88246575342465,0.2849315068493151,0.073972602739726,35
candidate_0641,office,17898.59158265292,368,1,23.445205479452056,73.73232876712329,0.2849315068493151,0.1315068493150685,36
candidate_0323,office,17889.15563251285,415,1,23.336164383561645,74.96657534246576,0.2849315068493151,0.08767123287671229,37
candidate_0619,gym,17884.09794990566,458,1,23.71123287671233,75.00054794520548,0.2849315068493151,0.09315068493150684,38
candidate_0072,gym,17873.99476987079,494,1,23.11068493150685,75.81972602739727,0.2849315068493151,0.10958904109589039,39
candidate_0494,office,17866.296459711426,395,1,23.434520547945205,74.86602739726027,0.2849315068493151,0.09041095890410959,40
candidate_0249,gym,17854.981990686967,442,1,23.48109589041096,75.8958904109589,0.2849315068493151,0.11780821917808224,41
candidate_0218,office,17848.919670058316,404,1,23.359999999999996,75.0517808219178,0.2849315068493151,0.08219178082191786,42
candidate_0458,office,17841.05644594409,395,1,23.18082191780822,75.47945205479452,0.2849315068493151,0.1041095890410959,43
candidate_0577,gym,17840.14814375977,475,1,23.321643835616438,74.56849315068493,0.2849315068493151,0.10136986301369855,44
candidate_0064,gym,17825.596713143263,458,1,23.687123287671234,74.7558904109589,0.2849315068493151,0.07671232876712328,45
candidate_0224,gym,17825.279545454516,427,1,23.36876712328767,76.37260273972603,0.2849315068493151,0.1315068493150685,46
candidate_0776,office,17821.153788059335,368,1,23.654246575342466,74.38931506849315,0.2849315068493151,0.08219178082191786,47
candidate_0485,office,17818.293411451687,371,1,23.501643835616438,75.06,0.2849315068493151,0.09041095890410956,48
candidate_0390,office,17810.840415391016,337,1,23.653698630136986,75.6345205479452,0.2849315068493151,0.10410958904109593,49
candidate_0331,office,17798.35043616765,379,1,23.407397260273974,75.74164383561644,0.2849315068493151,0.08219178082191778,50
candidate_0255,gym,17793.92515509998,441,1,23.607123287671232,74.11561643835617,0.2849315068493151,0.0931506849315069,51
candidate_0232,gym,17784.974418880425,482,1,23.157534246575345,73.5827397260274,0.2849315068493151,0.09589041095890415,52
candidate_0893,gym,17784.658638669902,450,1,23.31095890410959,75.56575342465753,0.2849315068493151,0.10410958904109589,53
candidate_0617,gym,17778.7162557494,462,1,23.116712328767125,74.82027397260273,0.2849315068493151,0.11232876712328763,54
candidate_0214,office,17774.333847392416,378,1,23.18712328767123,75.90164383561644,0.2849315068493151,0.09589041095890415,55
candidate_0394,office,17764.184188410338,389,1,23.156712328767124,74.49150684931507,0.2849315068493151,0.09041095890410959,56
candidate_0409,office,17763.217071253228,344,1,23.654520547945204,74.68630136986302,0.2849315068493151,0.08493150684931508,57
candidate_0517,gym,17754.859499878843,426,1,23.46684931506849,75.81698630136987,0.2849315068493151,0.10136986301369855,58
candidate_0529,office,17752.35174944438,380,1,23.215068493150685,75.61616438356164,0.2849315068493151,0.08493150684931507,59
candidate_0433,gym,17749.094094760592,462,1,23.106301369863015,73.96246575342465,0.2849315068493151,0.10684931506849318,60
candidate_0309,gym,17739.876600411128,450,1,23.39068493150685,73.98602739726027,0.2849315068493151,0.08767123287671237,61
candidate_0205,office,17725.35493763484,318,1,23.504657534246576,74.6813698630137,0.2849315068493151,0.11232876712328761,62
candidate_0275,office,17724.0905351488,393,1,23.02767123287671,75.29698630136987,0.2849315068493151,0.08219178082191786,63
candidate_0231,gym,17720.87437444551,389,1,23.706575342465754,73.51178082191781,0.2849315068493151,0.11232876712328763,64
candidate_0239,office,17717.11379058031,362,1,23.16219178082192,73.61205479452055,0.2849315068493151,0.10410958904109589,65
candidate_0655,gym,17715.656166764118,453,1,23.07917808219178,74.67205479452055,0.2849315068493151,0.10410958904109592,66
candidate_0697,office,17703.0032612894,336,1,23.42739726027397,75.0358904109589,0.2849315068493151,0.09315068493150684,67
candidate_0364,office,17702.92043947116,369,1,23.173972602739724,75.15369863013699,0.2849315068493151,0.08493150684931508,68
candidate_0564,gym,17700.115727375305,439,1,23.364931506849317,75.2868493150685,0.2849315068493151,0.08219178082191786,69
candidate_0526,office,17689.077280569403,329,1,23.43178082191781,73.4613698630137,0.2849315068493151,0.10136986301369855,70
candidate_0554,office,17676.11531326859,346,1,23.11013698630137,75.29808219178082,0.2849315068493151,0.10410958904109587,71
candidate_0105,gym,17669.50875636129,429,1,23.233698630136985,75.60876712328768,0.2849315068493151,0.09315068493150683,72
candidate_0884,gym,17660.400051061006,413,1,23.504931506849317,74.2454794520548,0.2849315068493151,0.08493150684931508,73
candidate_0174,gym,17657.935052564604,380,1,23.54328767123288,73.69342465753425,0.2849315068493151,0.11506849315068492,74
candidate_0358,gym,17634.058506085024,400,1,23.536438356164386,73.77178082191782,0.2849315068493151,0.0876712328767123,75
candidate_0846,office,17633.737788174938,334,1,23.052602739726026,75.37890410958904,0.2849315068493151,0.10684931506849318,76
candidate_0095,office,17621.64355998196,292,1,23.64,73.81369863013698,0.2849315068493151,0.09315068493150686,77
candidate_0476,office,17606.538256422078,306,1,23.34958904109589,76.1158904109589,0.2849315068493151,0.09315068493150684,78
candidate_0165,office,17606.003917128026,264,1,23.42986301369863,76.21287671232876,0.2849315068493151,0.12602739726027393,79
candidate_0894,gym,17592.15346863597,351,1,23.5386301369863,75.98876712328767,0.2849315068493151,0.11232876712328765,80
candidate_0694,gym,17584.377076649365,381,1,23.492876712328766,73.92712328767124,0.2849315068493151,0.09315068493150684,81
candidate_0294,gym,17583.755967195906,405,1,23.266849315068495,73.50356164383561,0.2849315068493151,0.09315068493150684,82
candidate_0147,office,17582.54586394163,318,1,23.253424657534246,76.22,0.2849315068493151,0.08219178082191786,83
candidate_0313,gym,17559.976102160523,373,1,23.17095890410959,75.47616438356164,0.2849315068493151,0.11780821917808225,84
candidate_0562,office,17554.535630892577,247,1,23.54109589041096,75.40027397260273,0.2849315068493151,0.11780821917808225,85
candidate_0222,gym,17552.808452292626,375,1,23.265753424657536,76.15506849315068,0.2849315068493151,0.10136986301369855,86
candidate_0680,gym,17531.55348451108,342,1,23.608767123287674,74.15424657534247,0.2849315068493151,0.10136986301369863,87
candidate_0777,gym,17527.163213925316,347,1,23.278904109589043,76.42904109589041,0.2849315068493151,0.11780821917808225,88
candidate_0060,office,17519.774943294367,247,1,23.445753424657532,74.80301369863014,0.2849315068493151,0.11780821917808225,89
candidate_0916,gym,17518.841671891216,347,1,23.375890410958906,76.10712328767123,0.2849315068493151,0.10684931506849316,90
candidate_0258,office,17511.48481417097,297,1,23.24082191780822,75.02602739726028,0.2849315068493151,0.08493150684931508,91
candidate_0816,gym,17506.47116422916,343,1,23.404109589041095,75.3758904109589,0.2849315068493151,0.10684931506849316,92
candidate_0121,office,17499.691014464606,241,1,23.621917808219177,76.39835616438356,0.2849315068493151,0.09315068493150684,93
candidate_0642,office,17497.760148440942,221,1,23.702739726027396,75.10575342465754,0.2849315068493151,0.10958904109589039,94
candidate_0805,office,17495.120271589192,303,1,23.193698630136986,75.36191780821918,0.2849315068493151,0.07671232876712328,95
candidate_0590,gym,17494.717834827745,347,1,23.653424657534245,75.5290410958904,0.2849315068493151,0.073972602739726,96
candidate_0897,gym,17486.127453622954,367,1,23.364657534246575,74.23068493150684,0.2849315068493151,0.08493150684931507,97
candidate_0624,office,17480.881623743113,261,1,23.44082191780822,74.36849315068493,0.2849315068493151,0.09315068493150684,98
candidate_0654,office,17477.366035709005,247,1,23.37890410958904,74.89835616438356,0.2849315068493151,0.1095890410958904,99
candidate_0889,office,17472.43511474862,264,1,23.23945205479452,75.73671232876713,0.2849315068493151,0.10136986301369855,100
candidate_0870,office,17465.554539282275,262,1,23.444657534246574,74.10958904109589,0.2849315068493151,0.08767123287671237,101
candidate_0709,office,17464.571922628144,236,1,23.593424657534246,76.04630136986302,0.2849315068493151,0.09041095890410959,102
candidate_0186,gym,17464.392738695966,337,1,23.53095890410959,76.33205479452054,0.2849315068493151,0.08219178082191789,103
candidate_0356,office,17457.930426958286,291,1,23.20794520547945,74.83232876712329,0.2849315068493151,0.07671232876712328,104
candidate_0483,office,17457.614544215703,250,1,23.357808219178082,76.38684931506849,0.2849315068493151,0.09589041095890416,105
candidate_0997,office,17447.893445504462,255,1,23.49945205479452,74.36136986301369,0.2849315068493151,0.08219178082191786,106
candidate_0302,classroom,17446.478336183744,480,1,23.603561643835615,74.51287671232876,0.2849315068493151,0.11780821917808224,107
candidate_0885,gym,17446.282014052827,384,1,23.05890410958904,74.14493150684932,0.2849315068493151,0.08493150684931504,108
candidate_0368,gym,17444.496173480304,352,1,23.213698630136985,75.9745205479452,0.2849315068493151,0.09315068493150684,109
candidate_0512,gym,17440.17794661326,388,1,23.0772602739726,73.58328767123288,0.2849315068493151,0.07945205479452055,110
candidate_0442,office,17438.4456815178,242,1,23.24958904109589,74.62794520547945,0.2849315068493151,0.1150684931506849,111
candidate_0565,gym,17438.14135466868,330,1,23.54191780821918,73.58767123287672,0.2849315068493151,0.09041095890410955,112
candidate_0291,gym,17427.193135187907,327,1,23.626301369863015,74.73150684931507,0.2849315068493151,0.07671232876712329,113
candidate_0217,office,17420.81381833759,215,1,23.615342465753425,76.27917808219178,0.2849315068493151,0.09315068493150686,114
candidate_0579,office,17418.42309944054,267,1,23.021917808219175,75.73808219178082,0.2849315068493151,0.10136986301369862,115
candidate_0880,gym,17415.560177735835,301,1,23.61205479452055,74.99835616438357,0.2849315068493151,0.09863013698630134,116
candidate_0738,gym,17415.319236615076,368,1,23.026301369863013,75.5290410958904,0.2849315068493151,0.08767123287671232,117
candidate_0034,gym,17410.997242088895,337,1,23.10082191780822,75.48602739726027,0.2849315068493151,0.10958904109589039,118
candidate_0484,office,17405.462838863525,247,1,23.280273972602743,74.65342465753425,0.2849315068493151,0.09589041095890416,119
candidate_0405,gym,17404.294359768493,362,1,23.08684931506849,75.95123287671233,0.2849315068493151,0.08219178082191778,120
candidate_0181,office,17402.93849243392,257,1,23.144109589041097,74.62082191780821,0.2849315068493151,0.09863013698630134,121
candidate_0715,gym,17400.430835766518,353,1,23.123013698630135,75.59424657534247,0.2849315068493151,0.08767123287671229,122
candidate_0113,classroom,17397.18604494226,475,1,23.645205479452056,75.99232876712328,0.2849315068493151,0.09589041095890416,123
candidate_0045,gym,17388.187097066464,363,1,23.045753424657534,74.69643835616438,0.2849315068493151,0.08493150684931507,124
candidate_0193,gym,17381.58799386175,331,1,23.185479452054796,74.48986301369862,0.2849315068493151,0.10136986301369863,125
candidate_0216,office,17381.52536653406,227,1,23.461917808219177,75.15178082191781,0.2849315068493151,0.08767123287671229,126
candidate_0398,office,17377.52399141292,222,1,23.536712328767123,73.57698630136987,0.2849315068493151,0.09041095890410959,127
candidate_0270,office,17364.776086565864,192,1,23.491780821917807,76.10191780821918,0.2849315068493151,0.10958904109589039,128
candidate_0876,classroom,17363.837738667193,479,1,23.654794520547945,74.06356164383561,0.2849315068493151,0.08767123287671232,129
candidate_0728,office,17361.043571414924,207,1,23.51753424657534,76.26082191780822,0.2849315068493151,0.09041095890410956,130
candidate_0118,gym,17356.08745841766,272,1,23.697534246575344,76.34,0.2849315068493151,0.09315068493150686,131
candidate_0203,office,17341.35742956754,245,1,23.252328767123288,74.51671232876713,0.2849315068493151,0.07945205479452049,132
candidate_0546,gym,17338.580743791306,353,1,23.124931506849315,73.79068493150685,0.2849315068493151,0.073972602739726,133
candidate_0393,gym,17335.938664238354,309,1,23.409041095890412,75.34931506849315,0.2849315068493151,0.08219178082191787,134
candidate_0602,office,17332.35265829076,212,1,23.169315068493155,76.30630136986301,0.2849315068493151,0.10958904109589032,135
candidate_0958,classroom,17309.902497397103,468,1,23.29123287671233,74.22219178082192,0.2849315068493151,0.11506849315068494,136
candidate_0903,office,17298.822493173113,179,1,23.601369863013698,73.8468493150685,0.2849315068493151,0.09863013698630134,137
candidate_0013,office,17291.023059486048,210,1,23.481643835616442,74.63123287671233,0.2849315068493151,0.073972602739726,138
candidate_0336,gym,17288.31402377536,296,1,23.11808219178082,76.11424657534246,0.2849315068493151,0.10410958904109587,139
candidate_0052,gym,17283.98356997527,284,1,23.337808219178083,74.07835616438356,0.2849315068493151,0.10136986301369855,140
candidate_0402,classroom,17281.989903338814,426,1,23.611780821917808,73.69150684931506,0.2849315068493151,0.11780821917808225,141
candidate_0935,gym,17279.206148732253,336,1,23.19041095890411,74.07917808219179,0.2849315068493151,0.06301369863013696,142
candidate_0426,gym,17273.411881273136,294,1,23.23178082191781,75.99835616438357,0.2849315068493151,0.09041095890410959,143
candidate_0475,gym,17272.271745687114,285,1,23.43013698630137,75.3468493150685,0.2849315068493151,0.08219178082191789,144
candidate_0653,gym,17264.41286082776,280,1,23.366849315068492,76.06493150684932,0.2849315068493151,0.08767123287671233,145
candidate_0310,gym,17264.13310676009,306,1,23.332602739726028,73.9709589041096,0.2849315068493151,0.073972602739726,146
candidate_0701,gym,17250.848472992755,262,1,23.322465753424655,73.64438356164383,0.2849315068493151,0.1150684931506849,147
candidate_0531,gym,17250.511498733096,255,1,23.547123287671234,75.28657534246575,0.2849315068493151,0.0931506849315069,148
candidate_0417,gym,17249.66187811933,300,1,23.12931506849315,75.70794520547945,0.2849315068493151,0.08767123287671238,149
candidate_0739,gym,17247.938394573695,277,1,23.215616438356168,75.68520547945205,0.2849315068493151,0.10136986301369863,150
candidate_0026,office,17245.509951407555,189,1,23.49068493150685,73.69342465753425,0.2849315068493151,0.08219178082191786,151
candidate_0986,classroom,17245.494652927693,466,1,23.41178082191781,75.19890410958904,0.2849315068493151,0.07945205479452049,152
candidate_0081,classroom,17232.160859261232,483,1,23.08356164383562,75.16328767123288,0.2849315068493151,0.09041095890410956,153
candidate_0233,office,17231.063219144085,154,1,23.64931506849315,73.77561643835617,0.2849315068493151,0.09589041095890415,154
candidate_0974,gym,17228.448701022164,266,1,23.088493150684933,75.73123287671233,0.2849315068493151,0.11780821917808225,155
candidate_0663,gym,17227.3683898573,270,1,23.16767123287671,76.13753424657534,0.2849315068493151,0.1041095890410959,156
candidate_0755,office,17215.010630654757,199,1,23.22246575342466,73.82684931506849,0.2849315068493151,0.08767123287671233,157
candidate_0492,office,17208.941253990255,172,1,23.177808219178083,74.18,0.2849315068493151,0.11506849315068494,158
candidate_0869,office,17208.602273274737,191,1,23.203561643835616,73.66219178082191,0.2849315068493151,0.09589041095890416,159
candidate_0967,classroom,17208.342572321017,406,1,23.71643835616438,75.25698630136986,0.2849315068493151,0.09589041095890416,160
candidate_0489,office,17207.772227699003,182,1,23.086301369863012,75.86301369863014,0.2849315068493151,0.10684931506849318,161
candidate_0783,classroom,17205.28997000534,465,1,23.0627397260274,75.08465753424657,0.2849315068493151,0.10136986301369855,162
candidate_0516,gym,17200.467846833133,280,1,23.244657534246574,75.0358904109589,0.2849315068493151,0.08219178082191786,163
candidate_0522,gym,17199.222590431884,287,1,23.17232876712329,73.64493150684932,0.2849315068493151,0.08767123287671233,164
candidate_0306,gym,17198.729399621825,227,1,23.52986301369863,76.12986301369862,0.2849315068493151,0.10136986301369862,165
candidate_0009,gym,17198.152027858127,284,1,23.17890410958904,75.44958904109589,0.2849315068493151,0.08219178082191787,166
candidate_0297,office,17197.60026070616,156,1,23.382739726027395,74.87205479452055,0.2849315068493151,0.10410958904109592,167
candidate_0177,gym,17197.357579814692,254,1,23.352054794520548,75.7813698630137,0.2849315068493151,0.09315068493150683,168
candidate_0138,gym,17195.48193374939,260,1,23.256986301369864,73.78520547945206,0.2849315068493151,0.10410958904109592,169
candidate_0599,office,17191.267902329488,164,1,23.394520547945206,73.49178082191781,0.2849315068493151,0.09863013698630134,170
candidate_0558,classroom,17190.326523780495,422,1,23.530684931506848,75.02465753424657,0.2849315068493151,0.09315068493150687,171
candidate_0300,office,17184.25081099321,189,1,23.1358904109589,74.40849315068493,0.2849315068493151,0.09315068493150684,172
candidate_0523,gym,17183.705281139435,223,1,23.644931506849314,75.11753424657535,0.2849315068493151,0.09315068493150683,173
candidate_0545,gym,17181.3527227892,247,1,23.280273972602743,75.17698630136987,0.2849315068493151,0.10410958904109587,174
candidate_0520,classroom,17157.724237200327,429,1,23.44904109589041,74.60493150684931,0.2849315068493151,0.08493150684931507,175
candidate_0595,classroom,17156.567290426396,403,1,23.539178082191782,74.58876712328767,0.2849315068493151,0.10136986301369863,176
candidate_0480,classroom,17154.31835958887,425,1,23.460547945205484,76.33945205479452,0.2849315068493151,0.07945205479452049,177
candidate_0628,office,17146.266062082734,120,1,23.35123287671233,74.67232876712329,0.2849315068493151,0.12602739726027393,178
candidate_0814,classroom,17142.028986084246,433,1,23.15013698630137,75.45424657534247,0.2849315068493151,0.10136986301369855,179
candidate_0318,office,17141.406267111026,126,1,23.622465753424656,76.39232876712329,0.2849315068493151,0.08493150684931504,180
candidate_0621,gym,17141.366741844664,254,1,23.31342465753425,74.7558904109589,0.2849315068493151,0.08219178082191778,181
candidate_0080,classroom,17134.19553015509,439,1,23.28547945205479,75.49232876712328,0.2849315068493151,0.07945205479452049,182
candidate_0327,classroom,17133.966609601903,455,1,23.076712328767123,74.6054794520548,0.2849315068493151,0.08767123287671237,183
candidate_0047,office,17129.298643461894,93,1,23.638356164383563,76.24602739726028,0.2849315068493151,0.11232876712328767,184
candidate_0804,office,17125.487799049184,117,1,23.693972602739727,74.20520547945206,0.2849315068493151,0.09041095890410951,185
candidate_0984,gym,17125.385918649874,266,1,23.10054794520548,74.29260273972602,0.2849315068493151,0.08767123287671232,186
candidate_0874,office,17122.070832253736,149,1,23.264931506849315,75.79068493150685,0.2849315068493151,0.09315068493150684,187
candidate_0949,classroom,17121.171847043257,440,1,23.1158904109589,76.20794520547945,0.2849315068493151,0.0876712328767123,188
candidate_0341,classroom,17119.870429153692,382,1,23.6213698630137,74.63835616438357,0.2849315068493151,0.10136986301369863,189
candidate_0908,classroom,17118.559003689174,377,1,23.647397260273973,75.77369863013699,0.2849315068493151,0.09863013698630134,190
candidate_0106,office,17109.960254271555,157,1,23.05835616438356,75.12027397260275,0.2849315068493151,0.10410958904109593,191
candidate_0532,gym,17108.12910261728,217,1,23.460821917808218,74.7027397260274,0.2849315068493151,0.09315068493150687,192
candidate_0752,classroom,17103.782334289273,429,1,23.05232876712329,73.58684931506849,0.2849315068493151,0.10958904109589039,193
candidate_0194,gym,17099.724874043153,241,1,23.096712328767122,73.5854794520548,0.2849315068493151,0.10684931506849318,194
candidate_0693,classroom,17094.22816757261,442,1,23.165479452054797,75.00082191780822,0.2849315068493151,0.07671232876712326,195
candidate_0606,office,17086.47301130373,145,1,23.34849315068493,74.49945205479452,0.2849315068493151,0.08219178082191789,196
candidate_0584,gym,17084.651017138855,234,1,23.074794520547943,75.87013698630138,0.2849315068493151,0.10136986301369863,197
candidate_0175,gym,17082.680911713454,178,1,23.47917808219178,75.50027397260274,0.2849315068493151,0.11780821917808225,198
candidate_0195,classroom,17081.9492277106,424,1,23.04904109589041,75.72739726027397,0.2849315068493151,0.09863013698630134,199
candidate_0852,gym,17079.31485281915,219,1,23.138356164383563,75.50986301369863,0.2849315068493151,0.1095890410958904,200
candidate_0357,gym,17071.89518276902,211,1,23.32712328767123,75.66219178082191,0.2849315068493151,0.09589041095890415,201
candidate_0714,classroom,17070.556533743737,418,1,23.074246575342464,75.62602739726027,0.2849315068493151,0.09863013698630133,202
candidate_0472,classroom,17069.88962810101,425,1,23.16794520547945,75.00493150684932,0.2849315068493151,0.08493150684931507,203
candidate_0471,classroom,17065.594271689868,396,1,23.5986301369863,76.02465753424657,0.2849315068493151,0.06575342465753421,204
candidate_0382,office,17055.549465649878,96,1,23.36876712328767,75.85890410958905,0.2849315068493151,0.11232876712328767,205
candidate_0773,gym,17047.18510628667,197,1,23.453698630136987,75.30383561643835,0.2849315068493151,0.09041095890410952,206
candidate_0942,classroom,17040.617598410205,416,1,23.10246575342466,74.30356164383562,0.2849315068493151,0.09315068493150684,207
candidate_0708,gym,17035.23752566173,199,1,23.259452054794522,75.12219178082192,0.2849315068493151,0.10410958904109592,208
candidate_0012,office,17028.231576100672,104,1,23.615068493150687,73.84739726027398,0.2849315068493151,0.07945205479452049,209
candidate_0711,office,17015.756316719187,114,1,23.21041095890411,75.37095890410959,0.2849315068493151,0.09863013698630134,210
candidate_0039,gym,17011.808279264464,212,1,23.10027397260274,74.53095890410958,0.2849315068493151,0.10136986301369855,211
candidate_0215,office,17010.333175618296,140,1,23.163835616438355,73.81232876712329,0.2849315068493151,0.08219178082191786,212
candidate_0349,classroom,17009.019016656795,366,1,23.483287671232876,74.6172602739726,0.2849315068493151,0.09315068493150683,213
candidate_0370,classroom,17008.44127350244,382,1,23.362191780821917,74.95123287671233,0.2849315068493151,0.08767123287671229,214
candidate_0854,office,17003.251690698697,96,1,23.196438356164386,74.97972602739726,0.2849315068493151,0.1150684931506849,215
candidate_0464,classroom,16996.56572115817,341,1,23.48794520547945,74.79506849315068,0.2849315068493151,0.11232876712328764,216
candidate_0286,office,16995.197899186533,166,1,23.022739726027396,74.36328767123288,0.2849315068493151,0.06301369863013696,217
candidate_0815,classroom,16994.73163523674,408,1,23.07917808219178,75.65698630136987,0.2849315068493151,0.0821917808219179,218
candidate_0539,gym,16988.721515195448,186,1,23.33013698630137,75.3890410958904,0.2849315068493151,0.09315068493150686,219
candidate_0049,office,16987.876494673335,92,1,23.34328767123288,73.8504109589041,0.2849315068493151,0.10410958904109588,220
candidate_0765,classroom,16984.765252908368,357,1,23.640547945205476,75.0372602739726,0.2849315068493151,0.07671232876712328,221
candidate_0487,classroom,16979.720706564876,334,1,23.554520547945202,76.16630136986302,0.2849315068493151,0.10136986301369855,222
candidate_0132,office,16979.148952294716,92,1,23.56547945205479,74.52,0.2849315068493151,0.07671232876712328,223
candidate_0887,classroom,16977.03956088316,370,1,23.263287671232877,73.58684931506849,0.2849315068493151,0.10410958904109588,224
candidate_0023,office,16974.322570371176,73,1,23.505205479452055,74.76602739726027,0.2849315068493151,0.09863013698630133,225
candidate_0630,gym,16967.62880196281,174,1,23.32876712328767,73.89041095890411,0.2849315068493151,0.10410958904109593,226
candidate_0332,office,16967.565298833226,84,1,23.587397260273974,76.29068493150685,0.2849315068493151,0.0712328767123288,227
candidate_0633,gym,16961.66980699933,145,1,23.709589041095892,75.2904109589041,0.2849315068493151,0.08767123287671229,228
candidate_0028,office,16960.246903967945,128,1,23.02027397260274,75.96602739726028,0.2849315068493151,0.08219178082191778,229
candidate_0411,gym,16959.423761727252,155,1,23.267123287671236,75.88876712328766,0.2849315068493151,0.11780821917808226,230
candidate_0303,office,16956.23295290807,50,1,23.583287671232878,73.59205479452055,0.2849315068493151,0.11232876712328763,231
candidate_0161,classroom,16955.92588199647,358,1,23.496438356164383,73.84739726027398,0.2849315068493151,0.08493150684931508,232
candidate_0383,gym,16955.41328401342,155,1,23.605753424657532,75.51561643835616,0.2849315068493151,0.08493150684931507,233
candidate_0840,office,16950.34950269639,51,1,23.475068493150683,75.43671232876713,0.2849315068493151,0.11232876712328763,234
candidate_0372,office,16944.193846645026,64,1,23.404383561643836,75.498630136986307,0.2849315068493151,0.1041095890410959,235
candidate_0403,classroom,16943.909284614183,369,1,23.309315068493152,75.33589041095891,0.2849315068493151,0.08219178082191786,236
candidate_0700,gym,16938.58561733562,126,1,23.608493150684932,75.6690410958904,0.2849315068493151,0.10684931506849318,237
candidate_0505,gym,16920.73255581008,144,1,23.703013698630137,74.98164383561644,0.2849315068493151,0.07671232876712328,238
candidate_0325,office,16920.204836360925,99,1,23.14821917808219,75.23479452054795,0.2849315068493151,0.08767123287671233,239
candidate_0859,office,16916.684262814273,25,1,23.72,75.06712328767124,0.2849315068493151,0.10410958904109593,240
candidate_0927,gym,16914.256658035283,188,1,23.055616438356164,75.96493150684931,0.2849315068493151,0.09041095890410959,241
candidate_0807,office,16911.592470281346,100,1,23.05890410958904,75.74054794520548,0.2849315068493151,0.09041095890410958,242
candidate_0439,classroom,16902.760676254053,360,1,23.235890410958906,75.84383561643835,0.2849315068493151,0.0821917808219179,243
candidate_0993,office,16902.327609736254,69,1,23.35808219178082,74.62219178082192,0.2849315068493151,0.0931506849315069,244
candidate_0122,classroom,16895.462429562525,333,1,23.385205479452054,73.49150684931507,0.2849315068493151,0.10136986301369863,245
candidate_0144,office,16891.5203494167,61,1,23.603287671232877,73.8227397260274,0.2849315068493151,0.07671232876712326,246
candidate_0007,office,16891.46218238246,77,1,23.033972602739727,75.51095890410959,0.2849315068493151,0.10958904109589039,247
candidate_0566,gym,16889.904299538277,115,1,23.47150684931507,76.21150684931507,0.2849315068493151,0.11232876712328767,248
candidate_0250,classroom,16877.498642915616,343,1,23.247397260273974,73.55972602739726,0.2849315068493151,0.09863013698630134,249
candidate_0272,classroom,16873.858521783488,335,1,23.172602739726027,73.61698630136986,0.2849315068493151,0.11232876712328763,250
candidate_0033,classroom,16872.13885209185,314,1,23.565753424657533,73.82739726027397,0.2849315068493151,0.09315068493150683,251
candidate_0685,classroom,16868.393412248326,363,1,23.058356164383564,75.18027397260273,0.2849315068493151,0.0876712328767123,252
candidate_0723,office,16868.388661930272,73,1,23.241917808219178,73.63068493150685,0.2849315068493151,0.09315068493150684,253
candidate_0114,office,16868.099562529624,80,1,23.266849315068495,74.00630136986301,0.2849315068493151,0.08219178082191786,254
candidate_0661,gym,16861.640325953438,95,1,23.691506849315065,76.10986301369863,0.2849315068493151,0.10136986301369855,255
candidate_0209,gym,16861.19314672085,166,1,23.03780821917808,75.94794520547946,0.2849315068493151,0.09589041095890415,256
candidate_0092,classroom,16860.974836235884,351,1,23.444931506849315,73.5931506849315,0.2849315068493151,0.06575342465753421,257
candidate_0923,office,16857.64583653105,17,1,23.6786301369863,75.76767123287671,0.2849315068493151,0.09315068493150683,258
candidate_0827,office,16855.417712660194,56,1,23.210410958904113,75.3758904109589,0.2849315068493151,0.10136986301369863,259
candidate_0404,gym,16854.80410538681,176,1,23.136986301369863,75.34109589041095,0.2849315068493151,0.07671232876712328,260
candidate_0818,office,16853.202745354076,45,1,23.592876712328767,74.07534246575342,0.2849315068493151,0.07945205479452055,261
candidate_0290,office,16844.0199705533,35,1,23.422465753424657,75.7572602739726,0.2849315068493151,0.09589041095890415,262
candidate_0717,office,16843.668219610106,52,1,23.149863013698628,76.13589041095891,0.2849315068493151,0.10410958904109588,263
candidate_0192,classroom,16836.61941725993,282,1,23.703561643835616,74.61698630136986,0.2849315068493151,0.09589041095890416,264
candidate_0792,gym,16826.17119180758,142,1,23.21917808219178,75.8309589041096,0.2849315068493151,0.09041095890410952,265
candidate_0488,office,16823.23313825106,31,1,23.491780821917807,75.35643835616439,0.2849315068493151,0.0876712328767123,266
candidate_0385,office,16822.512236784332,42,1,23.223287671232875,76.37506849315068,0.2849315068493151,0.09863013698630133,267
candidate_0549,classroom,16821.89266501093,288,1,23.56876712328767,73.83808219178083,0.2849315068493151,0.10136986301369863,268
candidate_0002,classroom,16821.38557545312,359,1,23.064931506849312,73.44520547945206,0.2849315068493151,0.08219178082191787,269
candidate_0425,gym,16816.107328582202,169,1,23.10082191780822,74.68876712328768,0.2849315068493151,0.07671232876712326,270
candidate_0592,classroom,16815.223208204214,344,1,23.080821917808223,76.14575342465753,0.2849315068493151,0.08219178082191787,271
candidate_0418,office,16811.718563790822,11,1,23.716712328767123,74.51780821917808,0.2849315068493151,0.08493150684931504,272
candidate_0954,classroom,16811.558623812205,329,1,23.070958904109588,75.0013698630137,0.2849315068493151,0.10136986301369862,273
candidate_0182,office,16810.096950837546,44,1,23.12876712328767,74.45479452054795,0.2849315068493151,0.10958904109589039,274
candidate_0926,classroom,16805.947740828247,314,1,23.058082191780823,76.43205479452055,0.2849315068493151,0.10958904109589039,275
candidate_0692,office,16804.930243268966,75,1,23.041369863013696,76.02054794520548,0.2849315068493151,0.07945205479452049,276
candidate_0292,office,16802.971206011425,27,1,23.200000000000003,75.57506849315068,0.2849315068493151,0.11232876712328764,277
candidate_0447,office,16800.71542352317,15,1,23.71698630136986,73.98219178082192,0.2849315068493151,0.07945205479452055,278
candidate_0486,gym,16794.299536908402,158,1,23.091780821917805,73.74027397260274,0.2849315068493151,0.08493150684931507,279
candidate_0116,gym,16788.92388187106,89,1,23.489589041095893,74.35506849315068,0.2849315068493151,0.10958904109589032,280
candidate_0922,office,16785.049932674177,28,1,23.43013698630137,75.72684931506849,0.2849315068493151,0.08219178082191786,281
candidate_0346,office,16781.355951467034,3,1,23.614520547945204,73.69287671232877,0.2849315068493151,0.09589041095890416,282
candidate_0454,classroom,16780.58326860295,333,1,23.03835616438356,76.26657534246576,0.2849315068493151,0.08493150684931504,283
candidate_0875,gym,16779.33652340025,87,1,23.485479452054793,75.47369863013698,0.2849315068493151,0.10410958904109588,284
candidate_0180,classroom,16773.168640158478,309,1,23.17150684931507,75.56904109589041,0.2849315068493151,0.09589041095890416,285
candidate_0140,dorm,16765.188079941974,476,1,23.56904109589041,74.7254794520548,0.2849315068493151,0.09589041095890415,286
candidate_0643,gym,16764.629707446096,144,1,23.11698630136986,76.04493150684931,0.2849315068493151,0.07671232876712329,287
candidate_0187,classroom,16762.598440635913,292,1,23.32082191780822,74.55342465753425,0.2849315068493151,0.09863013698630134,288
candidate_0678,office,16761.222581130554,10,1,23.494246575342466,75.21534246575342,0.2849315068493151,0.0876712328767123,289
candidate_0123,classroom,16759.662183105647,274,1,23.38876712328767,74.33753424657534,0.2849315068493151,0.1095890410958904,290
candidate_0588,gym,16756.580744939256,70,1,23.70794520547945,74.38383561643836,0.2849315068493151,0.09589041095890415,291
candidate_0244,dorm,16754.71735895166,484,1,23.45945205479452,75.88438356164384,0.2849315068493151,0.09041095890410956,292
candidate_0387,gym,16750.48304694407,84,1,23.58931506849315,74.0172602739726,0.2849315068493151,0.09315068493150684,293
candidate_0898,office,16745.189226020262,4,1,23.399452054794523,73.58383561643835,0.2849315068493151,0.10410958904109589,294
candidate_0198,gym,16744.72131017408,110,1,23.322191780821917,73.66794520547946,0.2849315068493151,0.09315068493150684,295
candidate_0970,gym,16743.79486060592,83,1,23.584383561643833,75.82082191780822,0.2849315068493151,0.08493150684931508,296
candidate_0786,office,16741.392708782325,14,1,23.366575342465755,74.99150684931507,0.2849315068493151,0.09041095890410959,297
candidate_0911,dorm,16735.45227357052,474,1,23.44739726027397,73.64575342465753,0.2849315068493151,0.10410958904109593,298
candidate_0133,gym,16729.803112993224,85,1,23.225205479452054,74.7227397260274,0.2849315068493151,0.11780821917808224,299
candidate_0991,dorm,16728.98853258117,486,1,23.457534246575342,74.66739726027397,0.2849315068493151,0.08493150684931508,300
candidate_0514,dorm,16717.468031660428,459,1,23.582191780821915,75.21643835616439,0.2849315068493151,0.09315068493150687,301
candidate_0909,classroom,16711.312035947572,231,1,23.436712328767126,74.17095890410958,0.2849315068493151,0.1315068493150685,302
candidate_0736,dorm,16709.251127636042,472,1,23.465205479452052,74.2095890410959,0.2849315068493151,0.09315068493150686,303
candidate_0178,gym,16700.292815802455,79,1,23.472876712328766,74.51205479452055,0.2849315068493151,0.09041095890410951,304
candidate_0031,dorm,16694.26442684593,459,1,23.480547945205483,75.05342465753425,0.2849315068493151,0.09589041095890416,305
candidate_0901,dorm,16688.76894252867,463,1,23.45123287671233,75.67287671232877,0.2849315068493151,0.09041095890410959,306
candidate_0282,dorm,16688.47934432855,440,1,23.65671232876712,74.27232876712328,0.2849315068493151,0.09863013698630134,307
candidate_0934,classroom,16687.0047964638,258,1,23.6,75.82958904109589,0.2849315068493151,0.073972602739726,308
candidate_0129,classroom,16676.67336880523,248,1,23.297534246575342,73.8909589041096,0.2849315068493151,0.11780821917808225,309
candidate_0150,classroom,16676.428899634786,208,1,23.623835616438353,75.68767123287671,0.2849315068493151,0.11780821917808225,310
candidate_0948,gym,16655.18580500879,53,1,23.501095890410955,76.34520547945206,0.2849315068493151,0.09041095890410951,311
candidate_0197,gym,16653.004945623234,86,1,23.122465753424656,73.93369863013699,0.2849315068493151,0.10410958904109587,312
candidate_0843,gym,16645.2866109366,64,1,23.45890410958904,75.90109589041096,0.2849315068493151,0.0821917808219179,313
candidate_0594,classroom,16641.574724174854,246,1,23.087123287671233,74.47616438356164,0.2849315068493151,0.12602739726027393,314
candidate_0120,dorm,16639.111526861932,451,1,23.52849315068493,73.95452054794521,0.2849315068493151,0.08493150684931508,315
candidate_0496,dorm,16636.105035916793,461,1,23.262191780821915,73.64027397260274,0.2849315068493151,0.10136986301369863,316
candidate_0109,dorm,16631.977214414816,459,1,23.236712328767123,73.7172602739726,0.2849315068493151,0.1041095890410959,317
candidate_0452,dorm,16626.90215231209,419,1,23.454246575342463,75.69945205479452,0.2849315068493151,0.11232876712328761,318
candidate_0436,classroom,16625.892240261743,249,1,23.298356164383563,76.1145205479452,0.2849315068493151,0.09041095890410959,319
candidate_0351,dorm,16625.19993802821,432,1,23.534520547945206,74.54383561643836,0.2849315068493151,0.09589041095890416,320
candidate_0952,dorm,16612.941220523615,491,1,23.04794520547945,74.97643835616438,0.2849315068493151,0.07945205479452049,321
candidate_0844,gym,16607.284437103768,75,1,23.217534246575344,74.5413698630137,0.2849315068493151,0.08767123287671238,322
candidate_0924,classroom,16600.79844159078,198,1,23.690136986301372,75.61041095890411,0.2849315068493151,0.09589041095890415,323
candidate_0252,dorm,16598.08626912954,468,1,23.262739726027394,74.15452054794521,0.2849315068493151,0.07945205479452049,324
candidate_0819,classroom,16593.936600810055,233,1,23.09178082191781,76.2172602739726,0.2849315068493151,0.11506849315068494,325
candidate_0284,dorm,16593.697267827516,434,1,23.499178082191783,73.64493150684932,0.2849315068493151,0.09041095890410956,326
candidate_0515,dorm,16593.243264878256,473,1,23.2013698630137,74.68328767123288,0.2849315068493151,0.07671232876712329,327
candidate_0509,classroom,16583.16884361478,209,1,23.53123287671233,75.96767123287671,0.2849315068493151,0.09315068493150683,328
candidate_0676,classroom,16578.673579543327,200,1,23.39041095890411,75.09643835616438,0.2849315068493151,0.11780821917808225,329
candidate_0878,classroom,16578.49064766158,219,1,23.562191780821916,74.45643835616438,0.2849315068493151,0.08493150684931504,330
candidate_0847,classroom,16577.934786383452,258,1,23.135068493150687,75.22493150684932,0.2849315068493151,0.08493150684931508,331
candidate_0155,gym,16577.928534222807,44,1,23.29205479452055,73.77095890410959,0.2849315068493151,0.10410958904109592,332
candidate_0435,classroom,16573.344510115545,254,1,23.230684931506847,74.20054794520549,0.2849315068493151,0.08219178082191787,333
candidate_0225,classroom,16571.112115221516,233,1,23.30904109589041,75.17835616438356,0.2849315068493151,0.09041095890410956,334
candidate_0227,gym,16570.851332866918,20,1,23.562191780821916,73.84657534246575,0.2849315068493151,0.09863013698630134,335
candidate_0797,dorm,16567.956944552032,452,1,23.213698630136985,73.99945205479452,0.2849315068493151,0.09041095890410955,336
candidate_0560,classroom,16561.212849277006,173,1,23.578904109589043,74.3082191780822,0.2849315068493151,0.12328767123287666,337
candidate_0528,classroom,16559.204468991233,174,1,23.536164383561644,74.91808219178083,0.2849315068493151,0.12328767123287666,338
candidate_0189,classroom,16548.900660162897,213,1,23.380547945205482,75.10219178082191,0.2849315068493151,0.09589041095890416,339
candidate_0337,dorm,16545.877534999992,423,1,23.233424657534247,75.31561643835616,0.2849315068493151,0.10410958904109593,340
candidate_0576,dorm,16545.75286678892,418,1,23.436986301369863,75.66602739726028,0.2849315068493151,0.08767123287671229,341
candidate_0892,dorm,16544.534088671437,418,1,23.344383561643834,75.09917808219178,0.2849315068493151,0.09863013698630134,342
candidate_0982,gym,16543.577210227984,29,1,23.516438356164386,74.53342465753425,0.2849315068493151,0.08219178082191786,343
candidate_0612,gym,16542.564899649922,37,1,23.02054794520548,74.31506849315069,0.2849315068493151,0.12328767123287666,344
candidate_0088,gym,16540.497409877622,41,1,23.12849315068493,74.62356164383561,0.2849315068493151,0.10684931506849316,345
candidate_0445,classroom,16538.65598691029,161,1,23.71205479452055,76.15671232876713,0.2849315068493151,0.10684931506849316,346
candidate_0063,gym,16536.85495424159,63,1,23.07123287671233,75.75260273972603,0.2849315068493151,0.08493150684931504,347
candidate_0527,dorm,16535.683287868476,455,1,23.044383561643834,74.64493150684932,0.2849315068493151,0.09041095890410952,348
candidate_0213,dorm,16534.009744685743,371,1,23.71013698630137,76.12109589041096,0.2849315068493151,0.10136986301369855,349
candidate_0899,dorm,16527.803420536966,411,1,23.185205479452055,75.84273972602739,0.2849315068493151,0.11232876712328761,350
candidate_0296,classroom,16525.111589203025,242,1,23.145205479452056,74.4627397260274,0.2849315068493151,0.08493150684931507,351
candidate_0731,gym,16520.8182661261,11,1,23.210684931506847,75.56,0.2849315068493151,0.11780821917808226,352
candidate_0706,classroom,16517.428607553593,161,1,23.527123287671234,74.8027397260274,0.2849315068493151,0.12328767123287666,353
candidate_0238,dorm,16503.66237420536,367,1,23.619452054794518,76.06630136986301,0.2849315068493151,0.10410958904109588,354
candidate_0778,dorm,16487.978712884516,444,1,23.085205479452057,76.37643835616439,0.2849315068493151,0.073972602739726,355
candidate_0465,dorm,16482.953224527228,407,1,23.416986301369864,74.26931506849316,0.2849315068493151,0.08493150684931507,356
candidate_0083,dorm,16479.632860783197,416,1,23.146301369863014,73.60630136986302,0.2849315068493151,0.10410958904109588,357
candidate_0965,classroom,16478.645336974674,232,1,23.045753424657537,74.72383561643835,0.2849315068493151,0.0876712328767123,358
candidate_0223,classroom,16478.039527623947,182,1,23.195068493150682,75.7545205479452,0.2849315068493151,0.11780821917808226,359
candidate_0513,classroom,16474.273159868648,146,1,23.66054794520548,76.33315068493151,0.2849315068493151,0.10410958904109588,360
candidate_0056,dorm,16472.52354069946,410,1,23.228219178082192,73.84356164383561,0.2849315068493151,0.09863013698630133,361
candidate_0381,classroom,16469.3519704872,184,1,23.486027397260273,74.98383561643836,0.2849315068493151,0.08767123287671233,362
candidate_0082,classroom,16455.276004060484,200,1,23.05671232876712,76.19287671232877,0.2849315068493151,0.10410958904109593,363
candidate_0631,gym,16453.852999868166,25,1,23.10958904109589,75.76383561643836,0.2849315068493151,0.09041095890410959,364
candidate_0184,classroom,16453.545163216048,164,1,23.634520547945208,73.60794520547945,0.2849315068493151,0.09315068493150686,365
candidate_0077,classroom,16449.35516761568,234,1,23.072876712328764,73.85671232876713,0.2849315068493151,0.07671232876712326,366
candidate_0456,classroom,16448.58950265504,165,1,23.532328767123285,74.72,0.2849315068493151,0.09589041095890416,367
candidate_0277,dorm,16447.80411558002,416,1,23.23972602739726,74.09890410958904,0.2849315068493151,0.08219178082191778,368
candidate_0518,classroom,16441.740315105253,180,1,23.458904109589042,73.64602739726027,0.2849315068493151,0.09041095890410951,369
candidate_0800,classroom,16440.088523439183,161,1,23.461643835616442,74.6558904109589,0.2849315068493151,0.10410958904109588,370
candidate_0139,classroom,16430.129773166685,161,1,23.36054794520548,74.23753424657534,0.2849315068493151,0.11232876712328763,371
candidate_0963,dorm,16423.080650093445,348,1,23.52027397260274,76.33123287671233,0.2849315068493151,0.10410958904109592,372
candidate_0553,dorm,16421.37682468382,376,1,23.316986301369862,75.65506849315068,0.2849315068493151,0.09863013698630134,373
candidate_0652,classroom,16416.24515324195,176,1,23.357808219178082,74.90328767123287,0.2849315068493151,0.09041095890410956,374
candidate_0237,classroom,16413.9811974161,161,1,23.566849315068495,74.67369863013698,0.2849315068493151,0.08493150684931508,375
candidate_0437,dorm,16413.33450451937,336,1,23.70904109589041,74.58438356164383,0.2849315068493151,0.10136986301369863,376
candidate_0938,classroom,16410.29845085482,158,1,23.231780821917805,75.71232876712328,0.2849315068493151,0.11506849315068492,377
candidate_0733,classroom,16409.23797606714,150,1,23.53095890410959,75.1,0.2849315068493151,0.09589041095890416,378
candidate_0459,dorm,16401.472024476374,351,1,23.34767123287671,75.93424657534247,0.2849315068493151,0.11232876712328763,379
candidate_0354,classroom,16395.559465452345,210,1,23.035890410958906,75.37835616438356,0.2849315068493151,0.07945205479452049,380
candidate_0864,classroom,16380.98706718822,158,1,23.04,73.8558904109589,0.2849315068493151,0.1315068493150685,381
candidate_0985,dorm,16380.595225599098,361,1,23.197260273972603,74.0641095890411,0.2849315068493151,0.11780821917808225,382
candidate_0671,classroom,16378.198947299068,177,1,23.098082191780822,75.69917808219178,0.2849315068493151,0.09863013698630134,383
candidate_0900,dorm,16374.902891282429,372,1,23.286301369863015,74.84794520547945,0.2849315068493151,0.09315068493150683,384
candidate_0767,classroom,16365.610596032147,123,1,23.670410958904107,75.98657534246576,0.2849315068493151,0.09041095890410956,385
candidate_0491,classroom,16365.086793094635,164,1,23.282465753424656,76.01616438356164,0.2849315068493151,0.08767123287671232,386
candidate_0050,dorm,16361.437425411603,373,1,23.166301369863014,74.35068493150685,0.2849315068493151,0.10136986301369855,387
candidate_0455,classroom,16358.216710749413,188,1,23.162739726027397,74.55424657534246,0.2849315068493151,0.07945205479452049,388
candidate_0281,classroom,16357.615743250904,154,1,23.34191780821918,75.71479452054794,0.2849315068493151,0.09041095890410955,389
candidate_0061,classroom,16351.908267930834,141,1,23.679178082191783,75.01150684931507,0.2849315068493151,0.0712328767123288,390
candidate_0775,dorm,16342.48495290207,301,1,23.653698630136986,75.76958904109588,0.2849315068493151,0.11232876712328765,391
candidate_0312,classroom,16331.765750205066,166,1,23.167123287671235,73.53616438356164,0.2849315068493151,0.09589041095890416,392
candidate_0057,dorm,16330.653153621086,377,1,23.09315068493151,74.5958904109589,0.2849315068493151,0.09315068493150683,393
candidate_0311,classroom,16298.862989524023,131,1,23.221917808219178,75.89561643835617,0.2849315068493151,0.10410958904109592,394
candidate_0005,dorm,16289.118931025387,332,1,23.527123287671238,74.96602739726028,0.2849315068493151,0.07945205479452049,395
candidate_0525,classroom,16287.642844222552,81,1,23.705205479452054,75.45452054794521,0.2849315068493151,0.10410958904109588,396
candidate_0943,dorm,16284.368646960682,325,1,23.27342465753425,76.27397260273973,0.2849315068493151,0.10410958904109588,397
candidate_0022,classroom,16282.04800767131,120,1,23.412876712328767,75.94,0.2849315068493151,0.09041095890410951,398
candidate_0750,classroom,16279.108760034764,162,1,23.093698630136988,74.56630136986301,0.2849315068493151,0.08493150684931508,399
candidate_0779,dorm,16269.7383532183,295,1,23.556164383561644,75.53123287671232,0.2849315068493151,0.10410958904109589,400
candidate_0855,dorm,16259.786190763769,261,1,23.68958904109589,76.34219178082192,0.2849315068493151,0.11780821917808225,401
candidate_0299,dorm,16257.418046113777,311,1,23.138904109589042,75.2668493150685,0.2849315068493151,0.12602739726027393,402
candidate_0179,dorm,16254.517961623871,312,1,23.296712328767125,74.37479452054794,0.2849315068493151,0.11232876712328767,403
candidate_0478,dorm,16243.926621621482,309,1,23.443287671232877,74.73835616438356,0.2849315068493151,0.09589041095890416,404
candidate_0977,classroom,16241.109804020147,128,1,23.210136986301368,75.4709589041096,0.2849315068493151,0.09041095890410952,405
candidate_0477,dorm,16239.436225690464,297,1,23.32054794520548,76.1531506849315,0.2849315068493151,0.11232876712328763,406
candidate_0348,dorm,16239.254979969292,321,1,23.44356164383562,74.80958904109589,0.2849315068493151,0.08219178082191778,407
candidate_0640,dorm,16237.462449392478,324,1,23.287945205479453,74.97369863013698,0.2849315068493151,0.09315068493150686,408
candidate_0537,classroom,16234.522448500455,71,1,23.698904109589044,73.6241095890411,0.2849315068493151,0.10410958904109588,409
candidate_0744,classroom,16233.963948161143,96,1,23.561643835616437,74.85616438356165,0.2849315068493151,0.08767123287671229,410
candidate_0125,dorm,16228.82104126747,324,1,23.376164383561644,73.50164383561643,0.2849315068493151,0.08767123287671232,411
candidate_0079,classroom,16228.112467157014,112,1,23.2441095890411,76.08739726027397,0.2849315068493151,0.09589041095890416,412
candidate_0495,dorm,16225.813806692813,312,1,23.368219178082192,74.31260273972603,0.2849315068493151,0.09589041095890415,413
candidate_0110,dorm,16223.951200694652,309,1,23.348219178082193,76.01671232876713,0.2849315068493151,0.09315068493150683,414
candidate_0853,dorm,16213.660989125541,330,1,23.257260273972605,73.64191780821918,0.2849315068493151,0.08767123287671237,415
candidate_0025,classroom,16213.140604351256,120,1,23.234246575342464,75.1758904109589,0.2849315068493151,0.08767123287671237,416
candidate_0251,classroom,16212.652899712752,99,1,23.391506849315068,75.75698630136986,0.2849315068493151,0.09041095890410958,417
candidate_0353,dorm,16211.930812405204,325,1,23.08219178082192,76.18438356164384,0.2849315068493151,0.09863013698630134,418
candidate_0757,dorm,16208.943605810073,312,1,23.24986301369863,76.39890410958904,0.2849315068493151,0.0931506849315069,419
candidate_0073,classroom,16207.149024485323,92,1,23.52931506849315,73.70739726027398,0.2849315068493151,0.09041095890410956,420
candidate_0006,classroom,16203.657061806643,72,1,23.33150684931507,76.23342465753424,0.2849315068493151,0.11780821917808225,421
candidate_0760,dorm,16194.990818161512,309,1,23.409041095890412,73.52328767123288,0.2849315068493151,0.08767123287671238,422
candidate_0957,dorm,16183.203685193053,308,1,23.347671232876714,75.58054794520548,0.2849315068493151,0.08219178082191778,423
candidate_0724,dorm,16165.360246216025,250,1,23.705479452054796,75.48794520547945,0.2849315068493151,0.09863013698630134,424
candidate_0704,classroom,16162.566429790184,96,1,23.061917808219178,74.84630136986301,0.2849315068493151,0.11232876712328764,425
candidate_0862,classroom,16159.920964191462,54,1,23.330684931506852,74.95890410958904,0.2849315068493151,0.12602739726027393,426
candidate_0596,classroom,16158.329848767491,71,1,23.532602739726027,75.29780821917808,0.2849315068493151,0.08767123287671229,427
candidate_0944,dorm,16156.880109681013,325,1,23.116438356164384,75.50493150684932,0.2849315068493151,0.07945205479452055,428
candidate_0951,classroom,16155.729599103788,86,1,23.50383561643836,74.17972602739727,0.2849315068493151,0.07945205479452055,429
candidate_0718,dorm,16139.377761135202,280,1,23.70931506849315,74.74767123287671,0.2849315068493151,0.06301369863013696,430
candidate_0787,classroom,16130.610596709112,86,1,23.478630136986297,76.04109589041096,0.2849315068493151,0.06575342465753421,431
candidate_0830,dorm,16120.940833988872,312,1,23.064657534246574,76.21780821917808,0.2849315068493151,0.08219178082191786,432
candidate_0207,classroom,16116.74146803783,110,1,23.164657534246576,73.95068493150686,0.2849315068493151,0.07671232876712329,433
candidate_0803,classroom,16105.931927378595,67,1,23.570684931506847,74.36958904109589,0.2849315068493151,0.073972602739726,434
candidate_0493,dorm,16102.971215115425,227,1,23.56684931506849,75.14575342465753,0.2849315068493151,0.11506849315068494,435
candidate_0961,dorm,16100.454968045284,216,1,23.7,76.40602739726027,0.2849315068493151,0.10684931506849318,436
candidate_0267,dorm,16094.263081404677,282,1,23.185479452054793,76.32794520547945,0.2849315068493151,0.09041095890410952,437
candidate_0858,dorm,16089.701119730114,278,1,23.16849315068493,75.97972602739726,0.2849315068493151,0.09589041095890416,438
candidate_0821,classroom,16085.65240587624,23,1,23.64904109589041,75.36356164383562,0.2849315068493151,0.09863013698630134,439
candidate_0789,classroom,16085.51438769309,119,1,23.098356164383564,74.13397260273973,0.2849315068493151,0.06301369863013696,440
candidate_0510,dorm,16058.755508607554,282,1,23.06219178082192,74.3345205479452,0.2849315068493151,0.09863013698630134,441
candidate_0339,dorm,16058.468717984999,261,1,23.0986301369863,75.13506849315068,0.2849315068493151,0.11232876712328765,442
candidate_0994,dorm,16058.122520298295,246,1,23.545479452054796,74.08246575342466,0.2849315068493151,0.08767123287671238,443
candidate_0424,dorm,16057.558892582381,253,1,23.268493150684932,75.6054794520548,0.2849315068493151,0.10136986301369862,444
candidate_0972,dorm,16050.766655409854,263,1,23.114520547945208,73.64657534246575,0.2849315068493151,0.11232876712328763,445
candidate_0946,classroom,16045.97938938204,68,1,23.195616438356165,73.43643835616439,0.2849315068493151,0.09315068493150684,446
candidate_0573,classroom,16035.846067463797,37,1,23.287945205479453,75.82246575342465,0.2849315068493151,0.10136986301369862,447
candidate_0793,classroom,16031.723577550589,65,1,23.204931506849316,74.09150684931507,0.2849315068493151,0.08767123287671233,448
candidate_0333,classroom,16028.932765955555,52,1,23.138630136986304,74.54602739726027,0.2849315068493151,0.10410958904109592,449
candidate_0571,classroom,16013.309432065755,8,1,23.59068493150685,73.7158904109589,0.2849315068493151,0.10136986301369862,450
candidate_0097,classroom,16004.764125903366,40,1,23.195342465753424,74.08,0.2849315068493151,0.10410958904109588,451
candidate_0273,dorm,15996.122829965807,210,1,23.46164383561644,74.91287671232877,0.2849315068493151,0.10684931506849318,452
candidate_0931,dorm,15994.383541543648,186,1,23.671780821917807,76.18520547945205,0.2849315068493151,0.10410958904109588,453
candidate_0269,dorm,15990.812624364738,207,1,23.461917808219177,74.52054794520548,0.2849315068493151,0.1095890410958904,454
candidate_0959,classroom,15987.8332869787,53,1,23.09205479452055,76.02684931506849,0.2849315068493151,0.08767123287671229,455
candidate_0369,dorm,15984.298838512976,199,1,23.45287671232877,76.1109589041096,0.2849315068493151,0.1095890410958904,456
candidate_0638,dorm,15973.119524869633,246,1,23.14958904109589,73.81945205479452,0.2849315068493151,0.09863013698630134,457
candidate_0041,classroom,15966.202363646422,11,1,23.315068493150687,75.66328767123288,0.2849315068493151,0.10136986301369855,458
candidate_0918,classroom,15956.653241766782,5,1,23.48164383561644,75.68904109589042,0.2849315068493151,0.08767123287671237,459
candidate_0871,dorm,15951.162020723976,240,1,23.21835616438356,74.47917808219178,0.2849315068493151,0.08767123287671233,460
candidate_0470,classroom,15947.361997370319,27,1,23.168767123287672,74.42712328767124,0.2849315068493151,0.09863013698630134,461
candidate_0158,dorm,15943.119046320571,218,1,23.03808219178082,76.02684931506849,0.2849315068493151,0.11780821917808226,462
candidate_0603,classroom,15933.538001259116,41,1,23.34904109589041,73.65835616438356,0.2849315068493151,0.06575342465753421,463
candidate_0094,dorm,15917.077854442894,179,1,23.32904109589041,74.96931506849315,0.2849315068493151,0.12328767123287666,464
candidate_0343,classroom,15912.47556957912,9,1,23.37835616438356,74.88164383561644,0.2849315068493151,0.0821917808219179,465
candidate_0340,dorm,15907.717525390643,157,1,23.68904109589041,75.57671232876713,0.2849315068493151,0.10410958904109588,466
candidate_0051,dorm,15892.070425362448,202,1,23.428493150684933,73.71342465753425,0.2849315068493151,0.08767123287671232,467
candidate_0828,classroom,15878.568675227612,2,1,23.034520547945206,73.93205479452055,0.2849315068493151,0.11506849315068494,468
candidate_0556,dorm,15853.309082411135,220,1,23.178630136986303,74.1495890410959,0.2849315068493151,0.07945205479452049,469
candidate_0687,dorm,15853.097979433327,157,1,23.619726027397263,75.39205479452055,0.2849315068493151,0.09315068493150686,470
candidate_0784,dorm,15850.364500154525,174,1,23.604383561643836,73.46657534246576,0.2849315068493151,0.08493150684931508,471
candidate_0183,dorm,15841.406525871847,186,1,23.27068493150685,75.78164383561644,0.2849315068493151,0.09315068493150683,472
candidate_0338,dorm,15830.795455195846,148,1,23.566301369863012,74.31205479452055,0.2849315068493151,0.1041095890410959,473
candidate_0444,dorm,15798.45380408206,141,1,23.678356164383562,74.6613698630137,0.2849315068493151,0.08767123287671237,474
candidate_0360,dorm,15776.393903445869,133,1,23.68986301369863,74.48547945205479,0.2849315068493151,0.08767123287671233,475
candidate_0497,dorm,15768.809764775786,143,1,23.547671232876713,75.51150684931507,0.2849315068493151,0.08493150684931507,476
candidate_0071,dorm,15767.44679600632,133,1,23.627397260273973,73.89972602739726,0.2849315068493151,0.09315068493150684,477
candidate_0068,dorm,15737.965565894701,171,1,23.09013698630137,75.80684931506849,0.2849315068493151,0.09041095890410956,478
candidate_0896,dorm,15732.556779243096,136,1,23.368493150684934,74.45780821917808,0.2849315068493151,0.10136986301369855,479
candidate_0226,dorm,15720.559951933372,175,1,23.035342465753427,75.38520547945205,0.2849315068493151,0.08767123287671233,480
candidate_0141,dorm,15709.422542483326,120,1,23.50630136986301,75.77232876712328,0.2849315068493151,0.09041095890410956,481
candidate_0581,dorm,15698.519828697288,106,1,23.644931506849314,75.59780821917808,0.2849315068493151,0.08767123287671232,482
candidate_0536,dorm,15672.254803146432,90,1,23.614246575342463,74.65917808219179,0.2849315068493151,0.10136986301369863,483
candidate_0355,dorm,15636.754725978402,130,1,23.155068493150683,76.40438356164384,0.2849315068493151,0.08767123287671233,484
candidate_0036,dorm,15612.616013258566,105,1,23.22849315068493,74.65534246575342,0.2849315068493151,0.10410958904109592,485
candidate_0754,dorm,15598.639936607091,113,1,23.093972602739726,75.45150684931507,0.2849315068493151,0.10136986301369855,486
candidate_0422,dorm,15577.971046778614,112,1,23.3813698630137,75.82849315068493,0.2849315068493151,0.06575342465753421,487
candidate_0712,dorm,15573.991541866877,82,1,23.277808219178084,73.80657534246575,0.2849315068493151,0.11232876712328763,488
candidate_0585,dorm,15555.722824592896,59,1,23.418630136986305,74.45890410958904,0.2849315068493151,0.11232876712328765,489
candidate_0307,dorm,15544.191000638584,33,1,23.58027397260274,74.55643835616438,0.2849315068493151,0.11780821917808226,490
candidate_0345,dorm,15526.37186361918,61,1,23.56931506849315,74.65068493150685,0.2849315068493151,0.08493150684931507,491
candidate_0003,dorm,15485.607915338273,71,1,23.218630136986302,75.23041095890412,0.2849315068493151,0.09315068493150687,492
candidate_0895,dorm,15472.668836210047,12,1,23.635890410958904,76.36739726027398,0.2849315068493151,0.10136986301369862,493
candidate_0910,dorm,15459.496469417954,55,1,23.143287671232876,76.02986301369863,0.2849315068493151,0.10410958904109588,494
candidate_0670,dorm,15455.252795860379,54,1,23.343013698630138,74.51068493150684,0.2849315068493151,0.09041095890410951,495
candidate_0813,dorm,15447.742788655103,11,1,23.434246575342463,75.34465753424658,0.2849315068493151,0.11780821917808224,496
candidate_0498,dorm,15440.401326985191,46,1,23.165205479452055,74.09205479452055,0.2849315068493151,0.11232876712328761,497
candidate_0882,dorm,15434.965185472403,56,1,23.30986301369863,75.14821917808219,0.2849315068493151,0.08219178082191787,498
candidate_0535,dorm,15426.978504947612,49,1,23.364383561643834,73.5386301369863,0.2849315068493151,0.08767123287671232,499
candidate_0330,dorm,15419.39671436215,8,1,23.293150684931508,75.07972602739726,0.2849315068493151,0.12602739726027393,500
candidate_0451,dorm,15364.949150723536,19,1,23.565753424657533,74.82301369863013,0.2849315068493151,0.0712328767123288,501
candidate_0099,dorm,15358.838295998985,38,1,23.31068493150685,73.83397260273972,0.2849315068493151,0.07945205479452055,502
candidate_0666,dorm,15278.335687515771,10,1,23.165205479452055,74.69095890410959,0.2849315068493151,0.09041095890410959,503
candidate_0253,office,10200.666810694722,498,0,23.586849315068495,74.12602739726027,0.2849315068493151,0.10410958904109592,504
candidate_0741,office,10119.437992139605,479,0,23.35287671232877,75.53808219178082,0.2849315068493151,0.11232876712328763,505
candidate_0366,office,10098.782189070498,492,0,23.3986301369863,74.97424657534246,0.2849315068493151,0.09041095890410952,506
candidate_0490,office,10084.02369054153,488,0,23.197808219178082,74.15342465753425,0.2849315068493151,0.11232876712328763,507
candidate_0145,office,10083.527988091664,465,0,23.525479452054793,73.83232876712329,0.2849315068493151,0.10410958904109593,508
candidate_0578,office,10065.215425148686,473,0,23.676712328767124,74.15123287671233,0.2849315068493151,0.073972602739726,509
candidate_0320,office,10058.131171054618,461,0,23.37890410958904,76.17671232876712,0.2849315068493151,0.10410958904109588,510
candidate_0791,office,10020.809831895234,455,0,23.540821917808223,74.02849315068494,0.2849315068493151,0.09041095890410955,511
candidate_0043,office,10015.714710317814,449,0,23.387397260273975,75.35369863013699,0.2849315068493151,0.10410958904109592,512
candidate_0955,office,9999.033577948372,443,0,23.52931506849315,75.37780821917808,0.2849315068493151,0.09041095890410955,513
candidate_0427,office,9990.860416967447,473,0,23.04027397260274,75.80986301369863,0.2849315068493151,0.10410958904109589,514
candidate_0018,gym,9977.787186662523,494,0,23.54794520547945,73.96602739726028,0.2849315068493151,0.12328767123287666,515
candidate_0801,office,9976.606411789298,480,0,23.083013698630136,74.61424657534246,0.2849315068493151,0.09315068493150687,516
candidate_0467,gym,9971.1915830132275,494,0,23.553424657534247,75.29123287671233,0.2849315068493151,0.1150684931506849,517
candidate_0104,gym,9953.350231733382,498,0,23.45890410958904,76.44219178082191,0.2849315068493151,0.1095890410958904,518
candidate_0810,office,9949.097505609046,469,0,23.132054794520545,75.81424657534247,0.2849315068493151,0.08493150684931508,519
candidate_0235,office,9946.860863378777,420,0,23.641917808219176,74.57671232876713,0.2849315068493151,0.08767123287671233,520
candidate_0044,office,9941.69872493186,420,0,23.484931506849318,74.54712328767123,0.2849315068493151,0.10136986301369862,521
candidate_0153,office,9932.919742774317,435,0,23.096986301369864,75.44931506849315,0.2849315068493151,0.11780821917808224,522
candidate_0609,office,9931.668223383671,458,0,23.12958904109589,73.73808219178082,0.2849315068493151,0.09863013698630134,523
candidate_0316,office,9913.410699201706,458,0,23.177808219178083,73.7558904109589,0.2849315068493151,0.08767123287671229,524
candidate_0245,gym,9861.164620295887,483,0,23.537808219178086,74.56712328767124,0.2849315068493151,0.09315068493150686,525
candidate_0171,gym,9848.569727144788,479,0,23.43890410958904,74.16986301369863,0.2849315068493151,0.10410958904109589,526
candidate_0062,gym,9823.541757510371,475,0,23.490410958904107,75.1745205479452,0.2849315068493151,0.09041095890410956,527
candidate_0607,office,9810.50359229749,420,0,23.15917808219178,76.1454794520548,0.2849315068493151,0.08219178082191778,528
candidate_0635,gym,9808.696424292177,492,0,23.226575342465754,76.15068493150685,0.2849315068493151,0.09041095890410956,529
candidate_0615,gym,9801.428367870554,437,0,23.696986301369865,75.5372602739726,0.2849315068493151,0.09863013698630134,530
candidate_0541,office,9793.22460384974,374,0,23.334520547945207,76.22904109589041,0.2849315068493151,0.10410958904109589,531
candidate_0983,gym,9786.275501768821,498,0,23.1172602739726,74.80027397260274,0.2849315068493151,0.09315068493150684,532
candidate_0037,office,9784.615856274799,386,0,23.133424657534245,74.76082191780822,0.2849315068493151,0.11506849315068492,533
candidate_0684,office,9781.759919954413,387,0,23.182465753424655,73.78931506849315,0.2849315068493151,0.11232876712328763,534
candidate_0342,office,9780.523183410975,370,0,23.666027397260272,73.60219178082191,0.2849315068493151,0.08219178082191789,535
candidate_0608,gym,9776.228550981432,436,0,23.69698630136986,75.70109589041095,0.2849315068493151,0.09041095890410958,536
candidate_0547,office,9769.768295847005,347,0,23.702191780821916,76.02383561643836,0.2849315068493151,0.08767123287671238,537
candidate_0688,gym,9762.76972736528,449,0,23.094246575342467,75.79917808219179,0.2849315068493151,0.1315068493150685,538
candidate_0605,office,9758.888934628601,366,0,23.450410958904108,73.8986301369863,0.2849315068493151,0.09863013698630134,539
candidate_0408,office,9740.384459978217,317,0,23.69178082191781,74.36356164383561,0.2849315068493151,0.11506849315068492,540
candidate_0768,office,9735.027550755834,387,0,23.12849315068493,74.55534246575343,0.2849315068493151,0.09863013698630133,541
candidate_0200,office,9732.202559477628,387,0,23.095890410958905,73.76465753424658,0.2849315068493151,0.1041095890410959,542
candidate_0740,office,9725.227950876295,348,0,23.584931506849315,74.2372602739726,0.2849315068493151,0.09041095890410958,543
candidate_0521,gym,9724.454204138083,436,0,23.29808219178082,74.24739726027397,0.2849315068493151,0.11780821917808224,544
candidate_0582,gym,9722.007225385081,441,0,23.32027397260274,76.32027397260273,0.2849315068493151,0.10136986301369855,545
candidate_0247,office,9721.381300397194,356,0,23.436164383561646,76.20465753424658,0.2849315068493151,0.08767123287671238,546
candidate_0597,office,9718.243653537054,331,0,23.4786301369863,74.25397260273972,0.2849315068493151,0.11506849315068492,547
candidate_0388,office,9704.728596214805,340,0,23.596712328767126,75.51506849315068,0.2849315068493151,0.08493150684931508,548
candidate_0089,gym,9685.715979875218,421,0,23.488219178082193,74.79561643835616,0.2849315068493151,0.09863013698630134,549
candidate_0173,gym,9676.971431711272,421,0,23.505479452054793,74.998630136986307,0.2849315068493151,0.09315068493150684,550
candidate_0749,gym,9668.80919008655,424,0,23.276164383561646,74.38958904109589,0.2849315068493151,0.11232876712328767,551
candidate_0241,gym,9662.696449585857,416,0,23.34684931506849,76.11917808219178,0.2849315068493151,0.10410958904109593,552
candidate_0598,gym,9662.444052250781,386,0,23.69369863013699,75.03808219178082,0.2849315068493151,0.10410958904109593,553
candidate_0391,office,9660.568669229511,326,0,23.288493150684932,75.88164383561644,0.2849315068493151,0.11232876712328761,554
candidate_0117,office,9657.246998304303,344,0,23.536164383561644,74.75369863013698,0.2849315068493151,0.073972602739726,555
candidate_0794,gym,9656.173128383192,427,0,23.363835616438358,75.88054794520548,0.2849315068493151,0.09041095890410956,556
candidate_0149,gym,9647.147525317545,465,0,23.25917808219178,75.19972602739726,0.2849315068493151,0.06301369863013696,557
candidate_0962,office,9638.95145343008,309,0,23.657808219178083,76.0627397260274,0.2849315068493151,0.08493150684931504,558
candidate_0867,gym,9633.378328523571,426,0,23.367123287671234,73.50054794520548,0.2849315068493151,0.09315068493150687,559
candidate_0632,office,9633.143512270917,336,0,23.40794520547945,73.72931506849315,0.2849315068493151,0.09041095890410951,560
candidate_0172,office,9632.669764237216,317,0,23.400000000000002,75.08958904109589,0.2849315068493151,0.10410958904109589,561
candidate_0199,office,9623.61628767757,315,0,23.600821917808215,75.3854794520548,0.2849315068493151,0.08219178082191786,562
candidate_0176,office,9615.041348485249,292,0,23.709589041095892,74.93205479452055,0.2849315068493151,0.09315068493150686,563
candidate_0261,office,9614.57186759566,327,0,23.332602739726028,75.47397260273972,0.2849315068493151,0.09315068493150686,564
candidate_0188,gym,9610.650876379967,371,0,23.504383561643834,76.19013698630137,0.2849315068493151,0.11506849315068492,565
candidate_0865,gym,9609.159408484777,377,0,23.716712328767123,73.59150684931507,0.2849315068493151,0.09863013698630134,566
candidate_0769,office,9606.0475372721,296,0,23.39643835616438,74.67287671232877,0.2849315068493151,0.11780821917808224,567
candidate_0212,gym,9596.817661192048,420,0,23.21835616438356,76.12246575342466,0.2849315068493151,0.09041095890410959,568
candidate_0111,office,9596.537936978828,273,0,23.695068493150682,73.63342465753425,0.2849315068493151,0.11232876712328765,569
candidate_0534,office,9588.8146932894,332,0,23.264109589041094,73.78547945205479,0.2849315068493151,0.09315068493150684,570
candidate_0809,office,9588.359669443937,300,0,23.512054794520548,74.84630136986301,0.2849315068493151,0.09589041095890416,571
candidate_0748,gym,9587.161277227837,447,0,23.087671232876716,75.30630136986301,0.2849315068493151,0.07671232876712328,572
candidate_0774,gym,9584.758173530769,382,0,23.38794520547945,74.19424657534246,0.2849315068493151,0.11506849315068494,573
candidate_0863,gym,9582.775393579532,366,0,23.675890410958903,75.01835616438356,0.2849315068493151,0.09863013698630134,574
candidate_0507,gym,9557.444180626673,419,0,23.115342465753425,74.90082191780822,0.2849315068493151,0.0931506849315069,575
candidate_0361,gym,9547.230238339595,398,0,23.117534246575342,74.3654794520548,0.2849315068493151,0.11232876712328761,576
candidate_0293,office,9537.84675818768,276,0,23.66246575342466,74.18958904109589,0.2849315068493151,0.09041095890410956,577
candidate_0151,gym,9529.785192335818,398,0,23.23315068493151,73.51698630136987,0.2849315068493151,0.09863013698630134,578
candidate_0075,gym,9515.561204905374,343,0,23.645479452054794,74.37534246575342,0.2849315068493151,0.10410958904109588,579
candidate_0799,office,9514.734567119142,290,0,23.235342465753426,74.41534246575343,0.2849315068493151,0.1095890410958904,580
candidate_0389,office,9512.464863344067,319,0,23.163287671232876,75.66739726027397,0.2849315068493151,0.08219178082191786,581
candidate_0720,gym,9504.14283839195,336,0,23.557260273972602,73.87232876712329,0.2849315068493151,0.11780821917808226,582
candidate_0321,office,9503.160295801168,312,0,23.145753424657535,74.32712328767123,0.2849315068493151,0.09315068493150683,583
candidate_0093,gym,9492.166299352331,394,0,23.32054794520548,75.29808219178082,0.2849315068493151,0.073972602739726,584
candidate_0968,gym,9476.503645321634,364,0,23.298904109589042,75.69890410958904,0.2849315068493151,0.09863013698630134,585
candidate_0622,office,9473.985802632365,300,0,23.097534246575343,75.93890410958905,0.2849315068493151,0.09315068493150686,586
candidate_0817,office,9470.611970273363,270,0,23.564657534246574,73.74520547945205,0.2849315068493151,0.08493150684931508,587
candidate_0890,office,9469.728067243523,245,0,23.688219178082193,74.7172602739726,0.2849315068493151,0.09315068493150683,588
candidate_0872,office,9465.533791666572,224,0,23.72602739726027,73.83205479452054,0.2849315068493151,0.11232876712328767,589
candidate_0625,office,9462.029432752357,278,0,23.13561643835616,74.64767123287672,0.2849315068493151,0.11232876712328764,590
candidate_0729,office,9460.801812783766,240,0,23.42054794520548,73.53753424657535,0.2849315068493151,0.12602739726027393,591
candidate_0825,gym,9460.730147804205,387,0,23.05643835616438,75.32383561643836,0.2849315068493151,0.09589041095890416,592
candidate_0314,office,9458.544349248947,258,0,23.526849315068493,75.85123287671233,0.2849315068493151,0.08767123287671233,593
candidate_0234,gym,9454.591930874738,355,0,23.32109589041096,76.18657534246576,0.2849315068493151,0.09589041095890416,594
candidate_0574,gym,9444.994202416676,377,0,23.275616438356163,74.54849315068493,0.2849315068493151,0.0821917808219179,595
candidate_0263,gym,9439.622567539473,348,0,23.195068493150682,76.28849315068493,0.2849315068493151,0.1095890410958904,596
candidate_0808,gym,9427.858135957536,298,0,23.639999999999997,75.38082191780822,0.2849315068493151,0.1150684931506849,597
candidate_0917,gym,9427.502117367707,331,0,23.462739726027397,75.66684931506849,0.2849315068493151,0.09863013698630134,598
candidate_0735,office,9424.477677523057,291,0,23.208219178082192,75.38657534246576,0.2849315068493151,0.07671232876712329,599
candidate_0046,gym,9422.52968487756,365,0,23.233972602739726,75.22438356164383,0.2849315068493151,0.08767123287671233,600
candidate_0842,office,9421.527388801283,256,0,23.413698630136988,74.63698630136986,0.2849315068493151,0.09315068493150684,601
candidate_0055,office,9419.566018005444,231,0,23.72219178082192,73.79643835616439,0.2849315068493151,0.09041095890410958,602
candidate_0168,office,9413.462037542167,268,0,23.249041095890412,75.01260273972603,0.2849315068493151,0.09315068493150687,603
candidate_0278,office,9410.973510906975,206,0,23.674520547945207,73.53561643835616,0.2849315068493151,0.11780821917808224,604
candidate_0820,gym,9400.478046686509,375,0,23.091506849315067,75.0668493150685,0.2849315068493151,0.08493150684931507,605
candidate_0208,gym,9398.59795047298,350,0,23.352054794520548,76.03643835616438,0.2849315068493151,0.07945205479452049,606
candidate_0572,gym,9391.117950884676,384,0,23.06219178082192,73.50767123287672,0.2849315068493151,0.08219178082191786,607
candidate_0453,office,9387.142000632675,237,0,23.126027397260273,73.85123287671233,0.2849315068493151,0.1315068493150685,608
candidate_0636,gym,9371.736545157306,340,0,23.22602739726027,74.54520547945205,0.2849315068493151,0.09863013698630134,609
candidate_0939,gym,9365.058273653274,334,0,23.35369863013699,75.73013698630137,0.2849315068493151,0.08493150684931507,610
candidate_0169,office,9352.346628393445,221,0,23.40027397260274,74.96493150684931,0.2849315068493151,0.10410958904109588,611
candidate_0611,office,9350.809343927442,209,0,23.63698630136986,75.41945205479452,0.2849315068493151,0.09041095890410958,612
candidate_0511,office,9346.584946775894,215,0,23.566301369863016,74.64931506849315,0.2849315068493151,0.09315068493150686,613
candidate_0162,office,9346.36659785449,216,0,23.43917808219178,74.07890410958905,0.2849315068493151,0.10684931506849316,614
candidate_0010,office,9345.011394464807,229,0,23.292876712328766,75.66383561643836,0.2849315068493151,0.10136986301369862,615
candidate_0762,gym,9342.338541670244,282,0,23.679726027397262,75.88849315068494,0.2849315068493151,0.09589041095890416,616
candidate_0838,office,9338.422343788048,259,0,23.19150684931507,76.35123287671233,0.2849315068493151,0.07671232876712328,617
candidate_0371,classroom,9337.900235925508,476,0,23.624657534246573,76.00849315068493,0.2849315068493151,0.09041095890410959,618
candidate_0131,gym,9332.795198770984,352,0,23.05041095890411,73.97287671232877,0.2849315068493151,0.0931506849315069,619
candidate_0328,gym,9324.393973809842,261,0,23.6813698630137,75.39616438356164,0.2849315068493151,0.11232876712328764,620
candidate_0524,office,9324.369204912244,199,0,23.522465753424658,73.68986301369863,0.2849315068493151,0.1095890410958904,621
candidate_0508,classroom,9322.262968097066,466,0,23.636986301369863,76.15342465753425,0.2849315068493151,0.09315068493150683,622
candidate_0315,gym,9320.689271628937,317,0,23.475616438356166,73.91616438356165,0.2849315068493151,0.08219178082191786,623
candidate_0969,office,9311.275419370955,232,0,23.413150684931505,73.97972602739726,0.2849315068493151,0.08219178082191787,624
candidate_0698,office,9304.502442261855,248,0,23.173424657534248,75.2868493150685,0.2849315068493151,0.08219178082191787,625
candidate_0866,gym,9301.026403590231,277,0,23.537534246575344,75.72684931506849,0.2849315068493151,0.10136986301369855,626
candidate_0429,classroom,9297.198976598656,496,0,23.56931506849315,75.85342465753425,0.2849315068493151,0.06301369863013696,627
candidate_0108,gym,9293.584427232192,318,0,23.289589041095894,75.19534246575343,0.2849315068493151,0.08493150684931507,628
candidate_0586,office,9279.124834909317,179,0,23.535068493150685,75.78027397260274,0.2849315068493151,0.10410958904109588,629
candidate_0017,classroom,9277.932591595356,495,0,23.3386301369863,74.65342465753425,0.2849315068493151,0.08493150684931507,630
candidate_0683,gym,9277.420952302973,249,0,23.724109589041095,75.38356164383562,0.2849315068493151,0.10410958904109593,631
candidate_0888,office,9276.895883900821,177,0,23.585205479452053,75.55123287671233,0.2849315068493151,0.10136986301369862,632
candidate_0259,office,9274.240357075632,248,0,23.306027397260273,74.31287671232877,0.2849315068493151,0.06301369863013696,633
candidate_0048,office,9273.25875063547,212,0,23.323561643835614,73.76191780821918,0.2849315068493151,0.09863013698630134,634
candidate_0479,classroom,9262.56532785101,439,0,23.66986301369863,75.58301369863014,0.2849315068493151,0.09863013698630134,635
candidate_0542,office,9257.599470280424,128,0,23.68246575342466,76.04054794520547,0.2849315068493151,0.1315068493150685,636
candidate_0613,classroom,9254.228727411652,436,0,23.671780821917807,74.90273972602739,0.2849315068493151,0.10136986301369855,637
candidate_0932,office,9251.122463655936,234,0,23.03369863013699,74.89287671232877,0.2849315068493151,0.09315068493150684,638
candidate_0170,classroom,9250.120986877731,457,0,23.26767123287671,75.13890410958903,0.2849315068493151,0.11780821917808226,639
candidate_0877,gym,9248.708375985461,319,0,23.087397260273974,74.06438356164384,0.2849315068493151,0.09315068493150684,640
candidate_0185,gym,9240.779048139322,283,0,23.301369863013697,74.2745205479452,0.2849315068493151,0.10410958904109592,641
candidate_0647,gym,9239.809825868044,332,0,23.036438356164386,75.4304109589041,0.2849315068493151,0.07671232876712326,642
candidate_0154,office,9239.072472027281,216,0,23.21068493150685,76.00164383561643,0.2849315068493151,0.08493150684931507,643
candidate_0412,classroom,9233.193986551252,435,0,23.708219178082192,74.54465753424657,0.2849315068493151,0.09315068493150683,644
candidate_0891,gym,9233.096245926647,301,0,23.495890410958907,74.71479452054794,0.2849315068493151,0.06301369863013696,645
candidate_0350,classroom,9226.161874950514,445,0,23.516712328767124,74.12246575342466,0.2849315068493151,0.10136986301369862,646
candidate_0276,classroom,9221.40845252975,454,0,23.707123287671234,74.3882191780822,0.2849315068493151,0.0712328767123288,647
candidate_0085,gym,9220.721006927999,270,0,23.61808219178082,74.21013698630136,0.2849315068493151,0.07945205479452049,648
candidate_0987,classroom,9209.44363060335,421,0,23.720547945205478,74.97808219178083,0.2849315068493151,0.09589041095890416,649
candidate_0589,classroom,9202.286233926814,451,0,23.572054794520547,75.40493150684932,0.2849315068493151,0.07671232876712326,650
candidate_0119,office,9189.302416809576,178,0,23.225479452054795,75.9758904109589,0.2849315068493151,0.10410958904109593,651
candidate_0438,office,9185.281193530309,158,0,23.588493150684933,75.80712328767123,0.2849315068493151,0.08767123287671229,652
candidate_0410,classroom,9183.839075236365,443,0,23.245753424657536,76.2158904109589,0.2849315068493151,0.10684931506849316,653
candidate_0561,classroom,9177.704530277391,489,0,23.197808219178082,75.84520547945206,0.2849315068493151,0.06575342465753421,654
candidate_0413,gym,9168.233751772945,239,0,23.714794520547944,76.33780821917809,0.2849315068493151,0.073972602739726,655
candidate_0335,office,9167.938384858373,197,0,23.085753424657533,75.65698630136987,0.2849315068493151,0.09315068493150687,656
candidate_0905,office,9163.82728476592,213,0,23.036438356164386,73.9972602739726,0.2849315068493151,0.08767123287671229,657
candidate_0460,classroom,9162.350163974705,414,0,23.46301369863014,76.22356164383561,0.2849315068493151,0.10684931506849318,658
candidate_0798,office,9161.924187853347,127,0,23.57917808219178,76.18739726027397,0.2849315068493151,0.10958904109589032,659
candidate_0229,office,9158.937475599716,178,0,23.401917808219178,73.95342465753424,0.2849315068493151,0.08493150684931507,660
candidate_0919,classroom,9156.682016399676,468,0,23.094246575342467,73.60027397260274,0.2849315068493151,0.09863013698630134,661
candidate_0001,gym,9153.334918749377,238,0,23.30054794520548,75.85671232876712,0.2849315068493151,0.11232876712328764,662
candidate_0000,gym,9144.125537178557,271,0,23.17917808219178,75.42027397260274,0.2849315068493151,0.09041095890410959,663
candidate_0690,office,9137.561591992731,178,0,23.149863013698628,76.17753424657535,0.2849315068493151,0.09315068493150687,664
candidate_0160,gym,9136.341030602829,247,0,23.449863013698632,74.09287671232877,0.2849315068493151,0.09041095890410959,665
candidate_0845,classroom,9132.834465405305,435,0,23.617534246575342,73.76821917808219,0.2849315068493151,0.0712328767123288,666
candidate_0004,gym,9128.72945425841,227,0,23.533698630136985,76.25698630136986,0.2849315068493151,0.09041095890410952,667
candidate_0936,office,9127.704032657412,121,0,23.61890410958904,75.19561643835617,0.2849315068493151,0.10410958904109593,668
candidate_0861,classroom,9121.108939573365,428,0,23.43123287671233,74.90109589041096,0.2849315068493151,0.08767123287671233,669
candidate_0722,gym,9120.354695067219,211,0,23.486027397260276,74.52931506849315,0.2849315068493151,0.11506849315068494,670
candidate_0016,classroom,9115.977389850736,398,0,23.489863013698628,76.2613698630137,0.2849315068493151,0.10410958904109592,671
candidate_0745,gym,9115.399978875066,238,0,23.5,74.66328767123288,0.2849315068493151,0.08493150684931507,672
candidate_0384,classroom,9113.109647725654,453,0,23.155890410958904,73.46986301369863,0.2849315068493151,0.09315068493150687,673
candidate_0850,office,9101.543654507826,175,0,23.192602739726027,73.58356164383562,0.2849315068493151,0.09041095890410951,674
candidate_0591,office,9097.446288121411,141,0,23.176712328767124,75.75506849315069,0.2849315068493151,0.1150684931506849,675
candidate_0832,office,9095.75023541149,121,0,23.55260273972603,75.47205479452055,0.2849315068493151,0.09863013698630134,676
candidate_0563,office,9094.031780997406,173,0,23.0986301369863,75.67315068493151,0.2849315068493151,0.09041095890410956,677
candidate_0159,classroom,9092.6237411631,450,0,23.2572602739726,74.09205479452055,0.2849315068493151,0.07671232876712326,678
candidate_0019,classroom,9089.663194561019,381,0,23.682739726027396,75.58082191780822,0.2849315068493151,0.09589041095890416,679
candidate_0966,office,9079.39362648612,133,0,23.46164383561644,74.08301369863014,0.2849315068493151,0.09589041095890416,680
candidate_0130,office,9078.173692794626,145,0,23.44958904109589,74.73068493150684,0.2849315068493151,0.08219178082191786,681
candidate_0649,office,9075.697737302065,162,0,23.233698630136985,73.58904109589041,0.2849315068493151,0.09041095890410956,682
candidate_0042,office,9070.77135871573,170,0,23.180821917808217,74.52438356164383,0.2849315068493151,0.08219178082191789,683
candidate_0468,classroom,9069.980602017315,426,0,23.265753424657532,75.09945205479453,0.2849315068493151,0.08767123287671238,684
candidate_0054,office,9069.268917341838,132,0,23.235068493150685,74.86931506849315,0.2849315068493151,0.11232876712328765,685
candidate_0618,gym,9068.833030651778,215,0,23.534794520547944,74.83753424657534,0.2849315068493151,0.08767123287671229,686
candidate_0015,classroom,9062.5052349094,413,0,23.382191780821916,74.82849315068493,0.2849315068493151,0.08767123287671237,687
candidate_0112,classroom,9056.597770256882,439,0,23.17616438356164,73.68356164383562,0.2849315068493151,0.08493150684931508,688
candidate_0078,gym,9055.740864640662,184,0,23.65205479452055,75.7227397260274,0.2849315068493151,0.09863013698630134,689
candidate_0288,classroom,9053.771466074106,401,0,23.37698630136986,75.76931506849316,0.2849315068493151,0.09315068493150684,690
candidate_0400,gym,9043.622877300008,184,0,23.697534246575344,75.64465753424658,0.2849315068493151,0.09041095890410959,691
candidate_0753,gym,9040.654338094242,234,0,23.19287671232877,74.75972602739726,0.2849315068493151,0.09315068493150684,692
candidate_0979,office,9039.234872994775,170,0,23.086849315068495,74.82575342465753,0.2849315068493151,0.07945205479452049,693
candidate_0474,office,9033.279766403235,110,0,23.672876712328765,76.10164383561644,0.2849315068493151,0.073972602739726,694
candidate_0030,classroom,9029.01216995411,404,0,23.164383561643838,76.06219178082192,0.2849315068493151,0.10136986301369863,695
candidate_0301,gym,9019.172992629294,169,0,23.66109589041096,74.75287671232877,0.2849315068493151,0.10410958904109588,696
candidate_0990,office,9017.48514918342,82,0,23.55835616438356,74.88767123287671,0.2849315068493151,0.11232876712328761,697
candidate_0134,office,9000.858630950841,126,0,23.02849315068493,75.57698630136986,0.2849315068493151,0.11232876712328763,698
candidate_0975,gym,8998.131149393754,195,0,23.245205479452054,74.01260273972603,0.2849315068493151,0.11506849315068494,699
candidate_0298,office,8991.425828095335,94,0,23.466575342465756,76.04958904109589,0.2849315068493151,0.09589041095890416,700
candidate_0163,classroom,8989.522254440646,388,0,23.2786301369863,74.59260273972603,0.2849315068493151,0.09863013698630134,701
candidate_0101,classroom,8987.047347452071,377,0,23.227123287671233,76.24191780821918,0.2849315068493151,0.10684931506849316,702
candidate_0953,gym,8983.81220230725,164,0,23.69972602739726,75.45205479452055,0.2849315068493151,0.09041095890410956,703
candidate_0973,classroom,8978.282612284387,380,0,23.37178082191781,74.03561643835616,0.2849315068493151,0.09589041095890415,704
candidate_0230,classroom,8976.122329686605,401,0,23.20219178082192,76.19287671232877,0.2849315068493151,0.08219178082191789,705
candidate_0322,classroom,8974.32057840372,395,0,23.13287671232877,75.79342465753425,0.2849315068493151,0.09589041095890415,706
candidate_0378,gym,8972.568002267331,197,0,23.183013698630138,74.90520547945205,0.2849315068493151,0.10684931506849318,707
candidate_0501,gym,8968.523188623234,198,0,23.463013698630135,73.68356164383562,0.2849315068493151,0.08219178082191786,708
candidate_0716,classroom,8966.287026603712,393,0,23.199178082191782,75.36931506849315,0.2849315068493151,0.09041095890410955,709
candidate_0074,office,8966.179858874893,84,0,23.584931506849315,74.88630136986302,0.2849315068493151,0.09041095890410958,710
candidate_0254,classroom,8965.937208448579,362,0,23.566849315068495,75.35698630136986,0.2849315068493151,0.08493150684931504,711
candidate_0552,gym,8961.376136640261,169,0,23.423287671232874,75.64082191780822,0.2849315068493151,0.10410958904109587,712
candidate_0040,classroom,8953.091765941672,372,0,23.116164383561642,75.94438356164383,0.2849315068493151,0.11232876712328763,713
candidate_0243,classroom,8950.42186629019,388,0,23.269589041095887,75.58630136986301,0.2849315068493151,0.0821917808219179,714
candidate_0883,gym,8949.258783868729,214,0,23.17095890410959,73.87287671232876,0.2849315068493151,0.08767123287671233,715
candidate_0319,gym,8946.918844411795,197,0,23.372602739726027,76.28821917808219,0.2849315068493151,0.073972602739726,716
candidate_0691,classroom,8945.704069486721,378,0,23.02465753424658,76.07397260273973,0.2849315068493151,0.11232876712328765,717
candidate_0359,office,8938.50925285842,111,0,23.14931506849315,75.16164383561645,0.2849315068493151,0.09589041095890416,718
candidate_0996,gym,8937.156867011623,206,0,23.18027397260274,73.90219178082192,0.2849315068493151,0.09041095890410956,719
candidate_0128,classroom,8936.676194691938,334,0,23.653150684931507,76.26164383561644,0.2849315068493151,0.09041095890410951,720
candidate_0191,office,8936.56692971704,51,0,23.60383561643836,75.22630136986301,0.2849315068493151,0.10958904109589032,721
candidate_0066,gym,8934.426968377102,131,0,23.69150684931507,75.47506849315069,0.2849315068493151,0.10684931506849318,722
candidate_0681,office,8932.554080584445,71,0,23.403835616438354,74.19616438356164,0.2849315068493151,0.11232876712328764,723
candidate_0090,office,8931.922306830545,130,0,23.12301369863014,75.36493150684932,0.2849315068493151,0.07671232876712329,724
candidate_0143,gym,8924.327373992328,138,0,23.645205479452056,75.40191780821918,0.2849315068493151,0.10136986301369863,725
candidate_0347,office,8924.015698410893,60,0,23.51150684931507,76.23150684931507,0.2849315068493151,0.10136986301369863,726
candidate_0014,classroom,8922.959364916229,338,0,23.562465753424657,76.32904109589042,0.2849315068493151,0.09041095890410952,727
candidate_0567,office,8918.093140315232,133,0,23.043013698630137,74.07671232876713,0.2849315068493151,0.08219178082191787,728
candidate_0971,classroom,8903.526323288746,351,0,23.595890410958905,74.16054794520548,0.2849315068493151,0.07671232876712329,729
candidate_0396,gym,8903.158798157172,156,0,23.64246575342466,75.41753424657534,0.2849315068493151,0.07671232876712326,730
candidate_0860,office,8896.128586679873,48,0,23.70054794520548,75.6495890410959,0.2849315068493151,0.08767123287671232,731
candidate_0726,office,8893.023837619556,113,0,23.096986301369864,74.84739726027398,0.2849315068493151,0.08493150684931507,732
candidate_0240,gym,8892.554214533147,138,0,23.393424657534247,76.09835616438356,0.2849315068493151,0.11232876712328764,733
candidate_0920,classroom,8887.330534377666,313,0,23.646301369863014,76.05150684931507,0.2849315068493151,0.09589041095890416,734
candidate_0659,classroom,8885.15656213259,344,0,23.513972602739727,74.93397260273973,0.2849315068493151,0.08219178082191786,735
candidate_0703,gym,8866.638209309305,172,0,23.045479452054796,76.09479452054795,0.2849315068493151,0.10410958904109593,736
candidate_0289,office,8865.428565397533,74,0,23.243287671232878,76.42821917808219,0.2849315068493151,0.0931506849315069,737
candidate_0914,classroom,8864.376475044517,330,0,23.482739726027397,75.31342465753424,0.2849315068493151,0.09041095890410956,738
candidate_0593,classroom,8864.086683593265,343,0,23.407671232876712,73.9641095890411,0.2849315068493151,0.09041095890410958,739
candidate_0164,office,8860.60003378472,71,0,23.303287671232876,75.32438356164384,0.2849315068493151,0.09315068493150684,740
candidate_0236,gym,8859.170802082726,169,0,23.118356164383563,73.80246575342466,0.2849315068493151,0.10684931506849316,741
candidate_0781,office,8850.189861157443,73,0,23.237534246575343,74.21835616438356,0.2849315068493151,0.09863013698630134,742
candidate_0530,office,8847.903602381037,66,0,23.403287671232878,75.1,0.2849315068493151,0.08493150684931507,743
candidate_0038,classroom,8847.030741159502,388,0,23.016438356164386,73.75369863013698,0.2849315068493151,0.07945205479452049,744
candidate_0707,gym,8842.381984770474,117,0,23.64931506849315,74.24794520547945,0.2849315068493151,0.09863013698630134,745
candidate_0086,gym,8840.689791641713,121,0,23.574520547945205,73.59561643835616,0.2849315068493151,0.1041095890410959,746
candidate_0945,classroom,8837.41459451842,346,0,23.278904109589043,74.77424657534246,0.2849315068493151,0.08767123287671229,747
candidate_0758,gym,8836.610091233695,127,0,23.4158904109589,75.58986301369863,0.2849315068493151,0.10410958904109593,748
candidate_0544,gym,8835.943180031118,148,0,23.127397260273973,74.69780821917809,0.2849315068493151,0.1150684931506849,749
candidate_0481,gym,8834.641849952712,160,0,23.329589041095893,73.58520547945206,0.2849315068493151,0.08767123287671229,750
candidate_0555,classroom,8820.472337082847,359,0,23.091506849315067,76.05205479452054,0.2849315068493151,0.08219178082191778,751
candidate_0008,classroom,8818.045330932984,289,0,23.518356164383558,75.79342465753425,0.2849315068493151,0.1095890410958904,752
candidate_0569,classroom,8816.127914890434,320,0,23.42876712328767,75.01479452054795,0.2849315068493151,0.09041095890410952,753
candidate_0021,office,8814.274614706546,79,0,23.21232876712329,75.75561643835617,0.2849315068493151,0.07671232876712328,754
candidate_0317,office,8813.1273068902,29,0,23.68054794520548,75.16876712328767,0.2849315068493151,0.08219178082191778,755
candidate_0771,office,8810.702197027587,24,0,23.525479452054796,74.5158904109589,0.2849315068493151,0.10410958904109587,756
candidate_0148,classroom,8810.463101868574,297,0,23.544383561643834,73.97232876712329,0.2849315068493151,0.10410958904109592,757
candidate_0482,gym,8807.39232698027,143,0,23.322465753424655,74.24328767123288,0.2849315068493151,0.09315068493150686,758
candidate_0664,dorm,8806.81749720121,497,0,23.441917808219177,75.46465753424657,0.2849315068493151,0.11232876712328763,759
candidate_0029,classroom,8806.192447894047,338,0,23.09205479452055,74.55534246575343,0.2849315068493151,0.1041095890410959,760
candidate_0448,office,8804.813581806462,20,0,23.530410958904106,76.20219178082192,0.2849315068493151,0.09863013698630134,761
candidate_0879,classroom,8799.642660004358,286,0,23.456986301369863,76.45260273972603,0.2849315068493151,0.10958904109589039,762
candidate_0907,classroom,8792.462525168019,310,0,23.47205479452055,76.42849315068493,0.2849315068493151,0.08219178082191789,763
candidate_0662,gym,8792.312949043438,111,0,23.249315068493154,76.39205479452055,0.2849315068493151,0.11780821917808225,764
candidate_0196,gym,8785.974618163007,111,0,23.637808219178083,74.64438356164383,0.2849315068493151,0.08493150684931508,765
candidate_0710,office,8783.669609781458,4,0,23.588493150684933,74.24465753424657,0.2849315068493151,0.10958904109589032,766
candidate_0279,dorm,8778.616759653438,493,0,23.59753424657534,76.40191780821918,0.2849315068493151,0.08767123287671232,767
candidate_0202,classroom,8777.434937661008,318,0,23.19972602739726,74.4145205479452,0.2849315068493151,0.10410958904109588,768
candidate_0248,gym,8768.24786796427,91,0,23.310958904109587,75.73150684931507,0.2849315068493151,0.12602739726027393,769
candidate_0834,classroom,8766.317290044732,312,0,23.28191780821918,75.64739726027398,0.2849315068493151,0.09315068493150686,770
candidate_0788,office,8764.146828597532,21,0,23.379178082191782,75.54027397260273,0.2849315068493151,0.10136986301369855,771
candidate_0829,office,8764.049095475215,18,0,23.34986301369863,73.61506849315069,0.2849315068493151,0.1150684931506849,772
candidate_0933,office,8761.47228339511,17,0,23.25041095890411,76.00164383561643,0.2849315068493151,0.11506849315068492,773
candidate_0399,office,8754.199152560217,81,0,23.10657534246575,75.50876712328767,0.2849315068493151,0.06575342465753421,774
candidate_0135,office,8752.427827101266,30,0,23.254794520547943,75.37671232876713,0.2849315068493151,0.10136986301369855,775
candidate_0190,office,8742.832919958968,31,0,23.198630136986303,73.68328767123288,0.2849315068493151,0.10958904109589032,776
candidate_0266,gym,8741.693549306407,123,0,23.137260273972604,74.01698630136987,0.2849315068493151,0.10958904109589032,777
candidate_0020,dorm,8733.43098481563,496,0,23.51808219178082,75.85095890410959,0.2849315068493151,0.07945205479452055,778
candidate_0913,gym,8728.613485201864,130,0,23.03287671232877,75.07671232876713,0.2849315068493151,0.10410958904109593,779
candidate_0930,dorm,8726.465955515769,483,0,23.507397260273972,75.30849315068492,0.2849315068493151,0.09315068493150686,780
candidate_0466,classroom,8713.421610566556,316,0,23.31342465753425,74.92027397260274,0.2849315068493151,0.0712328767123288,781
candidate_0856,gym,8713.066835120126,144,0,23.32246575342466,73.5704109589041,0.2849315068493151,0.06301369863013696,782
candidate_0941,office,8712.257443196248,22,0,23.304383561643835,75.47123287671234,0.2849315068493151,0.09041095890410959,783
candidate_0956,dorm,8707.323368200829,459,0,23.636164383561646,74.41616438356165,0.2849315068493151,0.10136986301369855,784
candidate_0084,gym,8706.859414612823,124,0,23.296986301369863,73.78219178082192,0.2849315068493151,0.0821917808219179,785
candidate_0167,gym,8704.653852899586,137,0,23.03808219178082,74.63917808219178,0.2849315068493151,0.09041095890410959,786
candidate_0157,gym,8701.418419035728,56,0,23.53835616438356,73.86876712328767,0.2849315068493151,0.12328767123287666,787
candidate_0626,classroom,8698.81842417156,263,0,23.52958904109589,73.9304109589041,0.2849315068493151,0.10136986301369862,788
candidate_0988,gym,8696.966568821334,113,0,23.16191780821918,75.47205479452055,0.2849315068493151,0.09589041095890416,789
candidate_0766,office,8694.29448428664,12,0,23.283013698630135,76.22438356164383,0.2849315068493151,0.09315068493150686,790
candidate_0646,dorm,8690.074073924532,453,0,23.60821917808219,75.76,0.2849315068493151,0.09863013698630134,791
candidate_0989,gym,8687.874765637527,52,0,23.66054794520548,75.47287671232877,0.2849315068493151,0.10410958904109588,792
candidate_0868,classroom,8687.612371550651,287,0,23.21068493150685,74.83972602739726,0.2849315068493151,0.10136986301369862,793
candidate_0423,dorm,8685.218170669183,477,0,23.398630136986302,74.59808219178082,0.2849315068493151,0.09863013698630134,794
candidate_0070,gym,8680.571899059456,87,0,23.375342465753423,75.27287671232877,0.2849315068493151,0.09589041095890416,795
candidate_0947,dorm,8680.43859254929,434,0,23.647945205479452,75.23561643835616,0.2849315068493151,0.11232876712328764,796
candidate_0256,dorm,8677.243842239477,477,0,23.324109589041097,74.37835616438356,0.2849315068493151,0.10410958904109589,797
candidate_0519,gym,8668.822163412478,76,0,23.443013698630136,75.99534246575342,0.2849315068493151,0.09315068493150686,798
candidate_0672,dorm,8665.832766316524,464,0,23.603287671232877,75.24986301369863,0.2849315068493151,0.08219178082191789,799
candidate_0069,gym,8664.633973120177,64,0,23.513150684931507,74.19068493150685,0.2849315068493151,0.10410958904109588,800
candidate_0500,gym,8664.114116863826,70,0,23.66904109589041,75.00876712328767,0.2849315068493151,0.07945205479452049,801
candidate_0833,classroom,8661.784453365703,238,0,23.703835616438354,74.05589041095891,0.2849315068493151,0.09589041095890416,802
candidate_0629,dorm,8660.03384871777,480,0,23.253972602739722,73.90986301369863,0.2849315068493151,0.10410958904109593,803
candidate_0420,dorm,8656.369518534872,452,0,23.353698630136986,75.93561643835616,0.2849315068493151,0.11232876712328764,804
candidate_0257,gym,8652.651548256878,69,0,23.45013698630137,75.50301369863014,0.2849315068493151,0.09589041095890415,805
candidate_0506,classroom,8650.715834159524,310,0,23.021369863013696,73.46383561643836,0.2849315068493151,0.09041095890410956,806
candidate_0637,office,8644.147586902258,15,0,23.215890410958902,76.30465753424657,0.2849315068493151,0.07945205479452055,807
candidate_0696,gym,8622.097148965795,65,0,23.427945205479453,74.47205479452055,0.2849315068493151,0.09589041095890416,808
candidate_0992,gym,8619.644643390726,32,0,23.604657534246574,75.96575342465754,0.2849315068493151,0.10410958904109588,809
candidate_0742,gym,8614.955798669744,78,0,23.195342465753424,74.96493150684931,0.2849315068493151,0.10136986301369863,810
candidate_0260,gym,8614.932478763702,79,0,23.40219178082192,74.47780821917809,0.2849315068493151,0.08219178082191786,811
candidate_0658,dorm,8613.570469230912,480,0,23.44164383561644,74.95808219178082,0.2849315068493151,0.06575342465753421,812
candidate_0421,classroom,8609.100684156523,237,0,23.712054794520547,75.75945205479452,0.2849315068493151,0.0712328767123288,813
candidate_0504,classroom,8608.700718852118,254,0,23.379178082191782,76.23232876712329,0.2849315068493151,0.08493150684931507,814
candidate_0246,dorm,8602.913629309865,475,0,23.421369863013698,74.42547945205479,0.2849315068493151,0.0712328767123288,815
candidate_0376,classroom,8597.07829336296,249,0,23.134794520547945,75.61013698630137,0.2849315068493151,0.11232876712328761,816
candidate_0575,dorm,8571.864368325081,416,0,23.606027397260277,74.2641095890411,0.2849315068493151,0.10136986301369855,817
candidate_0999,classroom,8567.860142916868,261,0,23.236438356164385,73.92082191780823,0.2849315068493151,0.0876712328767123,818
candidate_0743,gym,8567.289240913276,12,0,23.638630136986304,74.30054794520548,0.2849315068493151,0.10958904109589039,819
candidate_0570,dorm,8563.50433873918,399,0,23.547945205479454,75.0213698630137,0.2849315068493151,0.11780821917808225,820
candidate_0826,office,8562.269691369964,9,0,23.085753424657536,74.09095890410958,0.2849315068493151,0.07945205479452049,821
candidate_0503,classroom,8555.421189303923,182,0,23.69068493150685,75.00520547945206,0.2849315068493151,0.11232876712328761,822
candidate_0705,classroom,8553.764077682195,235,0,23.282465753424656,73.88684931506849,0.2849315068493151,0.10410958904109593,823
candidate_0373,dorm,8548.414432864143,366,0,23.69013698630137,74.9627397260274,0.2849315068493151,0.1315068493150685,824
candidate_0262,dorm,8546.18675018873,447,0,23.3613698630137,75.21013698630136,0.2849315068493151,0.08219178082191786,825
candidate_0937,classroom,8545.595456489842,206,0,23.377534246575344,74.55972602739726,0.2849315068493151,0.11780821917808226,826
candidate_0283,gym,8543.108437580433,18,0,23.651232876712328,75.90602739726027,0.2849315068493151,0.08767123287671229,827
candidate_0201,classroom,8536.62297247699,195,0,23.48191780821918,73.97369863013698,0.2849315068493151,0.11780821917808226,828
candidate_0841,dorm,8534.32655465618,380,0,23.677808219178083,75.41232876712328,0.2849315068493151,0.11232876712328761,829
candidate_0656,dorm,8525.525450910043,425,0,23.49095890410959,74.36136986301369,0.2849315068493151,0.08767123287671233,830
candidate_0764,dorm,8515.963828269874,440,0,23.114794520547946,76.25150684931506,0.2849315068493151,0.09863013698630133,831
candidate_0363,classroom,8514.411346740495,239,0,23.03287671232877,75.61561643835617,0.2849315068493151,0.10410958904109592,832
candidate_0430,classroom,8513.55543122342,216,0,23.530958904109585,75.2172602739726,0.2849315068493151,0.07945205479452055,833
candidate_0851,classroom,8510.830678847378,202,0,23.52794520547945,75.08054794520548,0.2849315068493151,0.09315068493150686,834
candidate_0751,dorm,8510.39848883741,450,0,23.272602739726025,74.3213698630137,0.2849315068493151,0.07945205479452049,835
candidate_0747,classroom,8509.523753084623,192,0,23.524931506849317,75.43643835616439,0.2849315068493151,0.10136986301369862,836
candidate_0268,classroom,8506.538473380313,195,0,23.685753424657534,73.98794520547945,0.2849315068493151,0.08767123287671233,837
candidate_0557,classroom,8494.4719564268,182,0,23.544657534246575,74.12219178082192,0.2849315068493151,0.10958904109589032,838
candidate_0620,dorm,8491.811991432485,379,0,23.65123287671233,76.11424657534246,0.2849315068493151,0.09863013698630133,839
candidate_0665,classroom,8491.001976226453,221,0,23.226575342465754,74.06164383561644,0.2849315068493151,0.10136986301369863,840
candidate_0401,gym,8490.042649451354,40,0,23.027123287671234,74.43205479452055,0.2849315068493151,0.11506849315068492,841
candidate_0634,dorm,8489.97649017861,399,0,23.323013698630138,75.64164383561643,0.2849315068493151,0.11232876712328765,842
candidate_0686,classroom,8489.453543035148,208,0,23.245205479452054,75.93287671232876,0.2849315068493151,0.10410958904109592,843
candidate_0721,classroom,8480.848447496059,175,0,23.692328767123286,74.50027397260274,0.2849315068493151,0.09589041095890416,844
candidate_0450,dorm,8478.16421999475,415,0,23.252328767123288,74.5213698630137,0.2849315068493151,0.10410958904109592,845
candidate_0461,dorm,8475.244060463085,425,0,23.359999999999996,73.99835616438357,0.2849315068493151,0.08493150684931508,846
candidate_0763,dorm,8470.690620679396,443,0,23.152876712328766,73.57068493150685,0.2849315068493151,0.0876712328767123,847
candidate_0551,gym,8466.782635313948,24,0,23.362739726027396,76.37041095890412,0.2849315068493151,0.0821917808219179,848
candidate_0499,classroom,8456.516842136007,202,0,23.287397260273973,76.32000000000001,0.2849315068493151,0.09315068493150684,849
candidate_0415,gym,8456.148638406154,33,0,23.208219178082192,76.34520547945205,0.2849315068493151,0.08493150684931507,850
candidate_0902,dorm,8453.575805148319,360,0,23.687671232876713,75.97890410958904,0.2849315068493151,0.10136986301369855,851
candidate_0434,gym,8451.668507245575,18,0,23.462191780821918,74.2013698630137,0.2849315068493151,0.08219178082191786,852
candidate_0836,dorm,8436.135969404619,421,0,23.06082191780822,74.84,0.2849315068493151,0.10136986301369862,853
candidate_0305,dorm,8435.88726803756,409,0,23.11917808219178,73.63890410958903,0.2849315068493151,0.11232876712328765,854
candidate_0087,dorm,8426.70282014549,391,0,23.45808219178082,75.1372602739726,0.2849315068493151,0.08767123287671233,855
candidate_0904,classroom,8425.974875244608,196,0,23.30739726027397,75.43287671232876,0.2849315068493151,0.09041095890410959,856
candidate_0780,gym,8424.132748034062,6,0,23.05945205479452,76.36821917808219,0.2849315068493151,0.11506849315068492,857
candidate_0604,classroom,8420.379238656235,172,0,23.55232876712329,75.56246575342466,0.2849315068493151,0.08767123287671237,858
candidate_0682,classroom,8417.539482081665,143,0,23.50794520547945,73.98904109589041,0.2849315068493151,0.12602739726027393,859
candidate_0627,classroom,8414.867638508857,189,0,23.2427397260274,74.39643835616438,0.2849315068493151,0.10410958904109588,860
candidate_0416,gym,8394.307880851946,1,0,23.121917808219177,73.62767123287671,0.2849315068493151,0.11506849315068494,861
candidate_0124,dorm,8394.25061093546,409,0,23.203561643835616,75.53698630136986,0.2849315068493151,0.0821917808219179,862
candidate_0543,dorm,8389.90457701586,384,0,23.51561643835616,73.74986301369863,0.2849315068493151,0.08219178082191786,863
candidate_0103,classroom,8387.094521805426,153,0,23.46164383561644,76.1868493150685,0.2849315068493151,0.10136986301369855,864
candidate_0324,dorm,8381.88719742153,383,0,23.34849315068493,75.29671232876713,0.2849315068493151,0.09041095890410956,865
candidate_0811,dorm,8379.473599044102,423,0,23.03945205479452,74.86958904109589,0.2849315068493151,0.08219178082191786,866
candidate_0397,dorm,8377.548900755744,357,0,23.53972602739726,75.94986301369863,0.2849315068493151,0.0931506849315069,867
candidate_0849,gym,8371.798554958612,9,0,23.199452054794524,74.01808219178082,0.2849315068493151,0.09041095890410956,868
candidate_0419,classroom,8360.85934671325,134,0,23.458904109589042,74.63863013698631,0.2849315068493151,0.11780821917808225,869
candidate_0274,dorm,8355.014180151415,395,0,23.03178082191781,74.40328767123287,0.2849315068493151,0.10410958904109588,870
candidate_0906,dorm,8350.775719991121,374,0,23.547671232876713,74.15808219178082,0.2849315068493151,0.073972602739726,871
candidate_0964,classroom,8343.146329598607,170,0,23.163287671232876,74.92219178082192,0.2849315068493151,0.10410958904109589,872
candidate_0732,classroom,8343.105656155,157,0,23.478356164383563,73.87972602739725,0.2849315068493151,0.09041095890410956,873
candidate_0059,classroom,8340.783816734162,186,0,23.170136986301372,74.07150684931507,0.2849315068493151,0.09041095890410956,874
candidate_0660,dorm,8339.805038137043,365,0,23.436438356164384,76.04767123287671,0.2849315068493151,0.08219178082191789,875
candidate_0839,dorm,8334.958685008112,377,0,23.142191780821918,74.43534246575342,0.2849315068493151,0.1041095890410959,876
candidate_0107,dorm,8332.4861493406,345,0,23.576712328767123,74.2331506849315,0.2849315068493151,0.09315068493150684,877
candidate_0304,dorm,8331.4307979184,381,0,23.044383561643837,75.50986301369863,0.2849315068493151,0.10410958904109592,878
candidate_0352,dorm,8325.88453589622,359,0,23.413424657534243,74.88465753424657,0.2849315068493151,0.09041095890410951,879
candidate_0367,classroom,8322.63712156374,206,0,23.17753424657534,73.6172602739726,0.2849315068493151,0.06575342465753421,880
candidate_0115,gym,8316.350737799745,7,0,23.052054794520547,75.42986301369864,0.2849315068493151,0.08219178082191786,881
candidate_0406,dorm,8307.39527779447,352,0,23.31917808219178,73.94301369863014,0.2849315068493151,0.10410958904109593,882
candidate_0221,classroom,8307.352177506224,157,0,23.228219178082192,73.54383561643836,0.2849315068493151,0.10410958904109587,883
candidate_0027,classroom,8302.646143021284,181,0,23.113972602739725,74.12767123287671,0.2849315068493151,0.08767123287671238,884
candidate_0386,classroom,8301.52225934458,155,0,23.2,75.54356164383562,0.2849315068493151,0.09863013698630134,885
candidate_0668,classroom,8297.214405942997,103,0,23.673698630136986,75.04465753424658,0.2849315068493151,0.10410958904109592,886
candidate_0011,dorm,8292.069302261578,326,0,23.53095890410959,75.86849315068493,0.2849315068493151,0.09589041095890415,887
candidate_0881,classroom,8291.766818994678,172,0,23.216712328767127,73.6117808219178,0.2849315068493151,0.08493150684931507,888
candidate_0806,dorm,8289.003947639285,369,0,23.24164383561644,74.86876712328767,0.2849315068493151,0.08493150684931507,889
candidate_0032,classroom,8285.3224360444,154,0,23.203835616438358,76.35671232876712,0.2849315068493151,0.09041095890410955,890
candidate_0823,classroom,8280.704865161,163,0,23.12027397260274,75.80876712328767,0.2849315068493151,0.09041095890410955,891
candidate_0219,classroom,8272.06930338305,123,0,23.548219178082192,75.16958904109589,0.2849315068493151,0.08767123287671229,892
candidate_0414,classroom,8252.239059762047,131,0,23.272876712328767,76.16164383561645,0.2849315068493151,0.09589041095890415,893
candidate_0287,dorm,8244.181087381485,304,0,23.647397260273973,75.08986301369863,0.2849315068493151,0.09315068493150684,894
candidate_0886,dorm,8239.686994780399,340,0,23.466027397260273,75.74794520547945,0.2849315068493151,0.0712328767123288,895
candidate_0228,dorm,8236.256979760685,361,0,23.17013698630137,74.80410958904109,0.2849315068493151,0.0821917808219179,896
candidate_0978,dorm,8235.746650792884,341,0,23.28164383561644,74.89808219178082,0.2849315068493151,0.09041095890410958,897
candidate_0024,dorm,8234.576524941374,325,0,23.227671232876713,75.24438356164383,0.2849315068493151,0.10958904109589032,898
candidate_0067,classroom,8228.576287162929,140,0,23.381095890410958,74.15835616438356,0.2849315068493151,0.07671232876712329,899
candidate_0533,dorm,8228.441146777439,278,0,23.623835616438356,74.57397260273973,0.2849315068493151,0.11780821917808225,900
candidate_0580,dorm,8215.340859065767,263,0,23.711506849315068,76.33260273972603,0.2849315068493151,0.11232876712328767,901
candidate_0648,dorm,8206.615997677049,325,0,23.10027397260274,75.30109589041096,0.2849315068493151,0.11232876712328763,902
candidate_0559,classroom,8203.348094056919,117,0,23.17972602739726,75.69780821917809,0.2849315068493151,0.10410958904109587,903
candidate_0616,dorm,8181.336331844148,277,0,23.62821917808219,75.49561643835617,0.2849315068493151,0.09863013698630134,904
candidate_0857,dorm,8170.925283943713,330,0,23.221095890410957,74.96301369863014,0.2849315068493151,0.08493150684931507,905
candidate_0220,classroom,8168.480385676777,66,0,23.646575342465756,75.27232876712328,0.2849315068493151,0.09863013698630134,906
candidate_0211,dorm,8162.18058682478,278,0,23.410958904109588,75.50602739726027,0.2849315068493151,0.11232876712328767,907
candidate_0446,classroom,8155.01885097749,64,0,23.547123287671234,75.67068493150686,0.2849315068493151,0.1041095890410959,908
candidate_0210,classroom,8153.287420239838,137,0,23.146027397260273,73.59342465753424,0.2849315068493151,0.07945205479452055,909
candidate_0998,classroom,8150.236078914565,110,0,23.1813698630137,74.29452054794521,0.2849315068493151,0.09863013698630134,910
candidate_0929,dorm,8144.968784636889,269,0,23.623287671232877,75.86465753424658,0.2849315068493151,0.09315068493150684,911
candidate_0377,dorm,8141.782812122009,282,0,23.51561643835616,76.38246575342465,0.2849315068493151,0.08767123287671233,912
candidate_0334,classroom,8128.662786886286,26,0,23.7227397260274,75.08712328767123,0.2849315068493151,0.11780821917808225,913
candidate_0695,dorm,8126.855621256774,313,0,23.03561643835616,75.8054794520548,0.2849315068493151,0.10136986301369855,914
candidate_0285,dorm,8114.833760756813,338,0,23.09013698630137,73.54219178082192,0.2849315068493151,0.07671232876712326,915
candidate_0702,classroom,8107.164428459497,49,0,23.513698630136986,76.1117808219178,0.2849315068493151,0.10410958904109592,916
candidate_0623,dorm,8105.330127041539,283,0,23.132328767123287,74.91369863013699,0.2849315068493151,0.11780821917808224,917
candidate_0096,dorm,8104.68099730137,297,0,23.234246575342464,75.7558904109589,0.2849315068493151,0.09041095890410955,918
candidate_0995,classroom,8094.271966949229,67,0,23.335068493150686,75.65397260273973,0.2849315068493151,0.10136986301369862,919
candidate_0835,dorm,8087.017578662725,310,0,23.244383561643836,74.2854794520548,0.2849315068493151,0.07671232876712329,920
candidate_0152,classroom,8079.139910131929,77,0,23.146301369863014,75.83232876712329,0.2849315068493151,0.10410958904109587,921
candidate_0271,classroom,8078.214845033789,24,0,23.65890410958904,76.25945205479452,0.2849315068493151,0.10410958904109588,922
candidate_0651,classroom,8077.622378699575,79,0,23.148767123287673,75.83698630136986,0.2849315068493151,0.10136986301369855,923
candidate_0540,classroom,8066.98476529005,100,0,23.0213698630137,76.2958904109589,0.2849315068493151,0.08767123287671229,924
candidate_0065,dorm,8055.780636890921,265,0,23.515616438356165,74.03643835616438,0.2849315068493151,0.08493150684931507,925
candidate_0727,dorm,8051.379427525891,242,0,23.547123287671234,73.76164383561644,0.2849315068493151,0.10410958904109587,926
candidate_0824,dorm,8023.521671072699,275,0,23.26191780821918,75.67835616438356,0.2849315068493151,0.08219178082191786,927
candidate_0098,classroom,8017.390804055261,31,0,23.390136986301368,75.29424657534247,0.2849315068493151,0.10684931506849316,928
candidate_0822,dorm,8004.932902349697,257,0,23.428493150684933,73.83260273972603,0.2849315068493151,0.08493150684931507,929
candidate_0759,classroom,8003.606085849531,48,0,23.352876712328765,76.30931506849315,0.2849315068493151,0.08493150684931508,930
candidate_0432,dorm,8003.039168874111,260,0,23.29205479452055,74.86520547945206,0.2849315068493151,0.09041095890410956,931
candidate_0669,classroom,8000.449870210473,22,0,23.522191780821917,74.25013698630137,0.2849315068493151,0.10136986301369863,932
candidate_0650,classroom,7996.351584248222,72,0,23.187397260273972,73.90356164383562,0.2849315068493151,0.08493150684931504,933
candidate_0837,classroom,7988.4290579054805,30,0,23.70794520547945,73.60164383561644,0.2849315068493151,0.073972602739726,934
candidate_0379,classroom,7985.434590528478,89,0,23.06958904109589,74.40191780821918,0.2849315068493151,0.073972602739726,935
candidate_0374,dorm,7949.081655374927,253,0,23.0827397260274,75.06794520547945,0.2849315068493151,0.09863013698630133,936
candidate_0925,classroom,7948.419136899459,5,0,23.62630136986301,73.56027397260274,0.2849315068493151,0.0931506849315069,937
candidate_0848,dorm,7925.30974262747,207,0,23.615616438356163,73.45972602739727,0.2849315068493151,0.09041095890410958,938
candidate_0265,classroom,7921.9113711029095,31,0,23.20931506849315,73.72821917808218,0.2849315068493151,0.09863013698630134,939
candidate_0295,dorm,7893.623091603389,222,0,23.407945205479454,74.19369863013699,0.2849315068493151,0.08219178082191786,940
candidate_0156,classroom,7890.140404313843,8,0,23.294520547945204,75.25534246575343,0.2849315068493151,0.09589041095890415,941
candidate_0548,classroom,7886.973997515471,28,0,23.213698630136985,75.4627397260274,0.2849315068493151,0.08219178082191786,942
candidate_0428,classroom,7886.740619663951,1,0,23.255342465753422,73.58246575342466,0.2849315068493151,0.11232876712328763,943
candidate_0329,dorm,7872.904109616351,181,0,23.663561643835614,74.89041095890411,0.2849315068493151,0.08767123287671238,944
candidate_0469,classroom,7870.24994067689,28,0,23.023287671232875,73.94328767123288,0.2849315068493151,0.10136986301369862,945
candidate_0166,dorm,7867.222325761979,225,0,23.046301369863013,74.55808219178083,0.2849315068493151,0.10410958904109588,946
candidate_0462,classroom,7862.715974763459,8,0,23.207123287671234,74.40712328767124,0.2849315068493151,0.09863013698630133,947
candidate_0362,dorm,7858.897871815411,187,0,23.158356164383562,75.63397260273973,0.2849315068493151,0.12328767123287666,948
candidate_0689,dorm,7856.045461795722,201,0,23.087123287671233,75.74164383561644,0.2849315068493151,0.11506849315068494,949
candidate_0053,dorm,7834.877196756581,151,0,23.69232876712329,73.58739726027397,0.2849315068493151,0.10684931506849316,950
candidate_0449,dorm,7833.480645104534,177,0,23.366849315068492,73.64986301369863,0.2849315068493151,0.11232876712328767,951
candidate_0583,dorm,7832.441589200703,232,0,23.046849315068496,74.0068493150685,0.2849315068493151,0.08767123287671229,952
candidate_0431,dorm,7813.540682436731,176,0,23.431780821917805,74.70356164383561,0.2849315068493151,0.09589041095890415,953
candidate_0407,dorm,7767.1152789051985,134,0,23.633150684931504,76.14356164383561,0.2849315068493151,0.09589041095890416,954
candidate_0719,dorm,7764.553671794653,149,0,23.609589041095887,76.23698630136987,0.2849315068493151,0.08219178082191789,955
candidate_0981,dorm,7752.143523930334,218,0,23.054520547945202,73.89479452054795,0.2849315068493151,0.073972602739726,956
candidate_0280,dorm,7728.075043878733,142,0,23.24931506849315,76.13178082191781,0.2849315068493151,0.11232876712328763,957
candidate_0146,dorm,7722.997922860333,141,0,23.4986301369863,74.03342465753424,0.2849315068493151,0.09589041095890415,958
candidate_0568,dorm,7704.35985377481,170,0,23.023561643835617,75.50986301369863,0.2849315068493151,0.10136986301369862,959
candidate_0713,dorm,7701.966612786541,131,0,23.39917808219178,75.72082191780822,0.2849315068493151,0.10136986301369862,960
candidate_0601,dorm,7696.925310932709,153,0,23.205205479452058,75.31698630136987,0.2849315068493151,0.09863013698630134,961
candidate_0746,dorm,7696.154622618451,181,0,23.092876712328767,74.5572602739726,0.2849315068493151,0.08493150684931504,962
candidate_0091,dorm,7662.433606820849,111,0,23.515890410958903,75.81095890410958,0.2849315068493151,0.09589041095890415,963
candidate_0502,dorm,7653.388757727743,117,0,23.472876712328766,74.65369863013699,0.2849315068493151,0.09589041095890416,964
candidate_0344,dorm,7637.544867845039,61,0,23.678904109589038,74.51917808219179,0.2849315068493151,0.12602739726027393,965
candidate_0126,dorm,7628.104427919818,141,0,23.09068493150685,73.90876712328767,0.2849315068493151,0.10410958904109588,966
candidate_0375,dorm,7623.742077586548,117,0,23.437260273972605,75.05780821917809,0.2849315068493151,0.08767123287671238,967
candidate_0976,dorm,7622.954634383625,111,0,23.392602739726026,76.15452054794521,0.2849315068493151,0.09315068493150684,968
candidate_0667,dorm,7622.42251189129,159,0,23.09041095890411,73.80794520547946,0.2849315068493151,0.08493150684931508,969
candidate_0102,dorm,7618.094425334753,100,0,23.283287671232877,75.6495890410959,0.2849315068493151,0.11506849315068492,970
candidate_0940,dorm,7610.017796628308,57,0,23.684383561643838,75.74438356164383,0.2849315068493151,0.1150684931506849,971
candidate_0326,dorm,7606.918207404333,173,0,23.133698630136987,73.48739726027397,0.2849315068493151,0.06301369863013696,972
candidate_0673,dorm,7592.9786058506015,69,0,23.701095890410954,76.40602739726027,0.2849315068493151,0.09315068493150683,973
candidate_0725,dorm,7586.345078264645,84,0,23.311780821917807,75.51945205479453,0.2849315068493151,0.11780821917808224,974
candidate_0473,dorm,7579.121211172344,99,0,23.54958904109589,73.68958904109589,0.2849315068493151,0.08493150684931507,975
candidate_0644,dorm,7575.063089111096,127,0,23.063013698630137,75.54547945205479,0.2849315068493151,0.09589041095890415,976
candidate_0550,dorm,7558.355631085091,49,0,23.553424657534247,75.8476712328767,0.2849315068493151,0.11780821917808225,977
candidate_0600,dorm,7546.704490933864,117,0,23.266849315068495,75.42767123287672,0.2849315068493151,0.07671232876712326,978
candidate_0639,dorm,7541.6420298787025,97,0,23.315342465753425,75.31041095890411,0.2849315068493151,0.09041095890410952,979
candidate_0980,dorm,7527.036022604271,86,0,23.275068493150684,75.69534246575343,0.2849315068493151,0.09863013698630133,980
candidate_0127,dorm,7526.357687818774,78,0,23.365479452054792,74.74027397260274,0.2849315068493151,0.10136986301369863,981
candidate_0392,dorm,7526.109387023251,65,0,23.61095890410959,75.3317808219178,0.2849315068493151,0.08767123287671237,982
candidate_0699,dorm,7514.898151954415,70,0,23.4786301369863,73.69068493150685,0.2849315068493151,0.09863013698630134,983
candidate_0645,dorm,7512.019519909724,101,0,23.1158904109589,75.9841095890411,0.2849315068493151,0.09315068493150683,984
candidate_0734,dorm,7502.3675376655765,96,0,23.06054794520548,75.70027397260274,0.2849315068493151,0.10136986301369855,985
candidate_0100,dorm,7494.196148399366,49,0,23.62767123287671,75.46767123287671,0.2849315068493151,0.09041095890410959,986
candidate_0395,dorm,7466.187598768134,78,0,23.295068493150684,74.79095890410959,0.2849315068493151,0.0876712328767123,987
candidate_0831,dorm,7444.107919939039,43,0,23.555342465753423,75.16328767123288,0.2849315068493151,0.08767123287671229,988
candidate_0610,dorm,7410.748567891071,34,0,23.48164383561644,73.65479452054795,0.2849315068493151,0.09863013698630134,989
candidate_0614,dorm,7407.658213465831,55,0,23.284109589041098,74.40082191780822,0.2849315068493151,0.09315068493150683,990
candidate_0675,dorm,7397.8371890585995,11,0,23.696712328767124,74.31808219178082,0.2849315068493151,0.09315068493150683,991
candidate_0674,dorm,7382.37427826637,25,0,23.623287671232877,76.1041095890411,0.2849315068493151,0.073972602739726,992
candidate_0587,dorm,7368.648174735654,8,0,23.706575342465754,73.73178082191781,0.2849315068493151,0.0876712328767123,993
candidate_0761,dorm,7352.923730905281,24,0,23.306575342465752,74.77561643835617,0.2849315068493151,0.10136986301369862,994
candidate_0915,dorm,7326.87063428273,9,0,23.433972602739725,75.85808219178082,0.2849315068493151,0.09041095890410955,995
candidate_0058,dorm,7325.103402660156,23,0,23.35671232876712,74.20027397260274,0.2849315068493151,0.09041095890410956,996
candidate_0873,dorm,7324.712251169674,3,0,23.44986301369863,75.40547945205479,0.2849315068493151,0.09589041095890416,997
candidate_0076,dorm,7313.335030648942,6,0,23.186849315068493,75.33150684931506,0.2849315068493151,0.1150684931506849,998
candidate_0441,dorm,7296.850186027376,35,0,23.314794520547945,75.99643835616439,0.2849315068493151,0.06575342465753421,999
candidate_0928,dorm,7288.364537237895,15,0,23.085479452054795,74.19780821917809,0.2849315068493151,0.11232876712328763,1000
